Message,20200924T143038,Firmware: 07/16/20 13:53:27 2.15.0 STD SBD Final
Message,20200924T143038,Float ID: 026-1720
GPS,20200924T143038,68.986816,-52.761772,8
GPS,20200924T144216,68.986412,-52.763443,7
LGR_P,20200924T144218,-0.03920
Message,20200924T144220,Park Descent Mission
LGR_P,20200924T144223,0.21261
LGR_P,20200924T144341,0.28799
LGR_P,20200924T144443,0.03024
LGR_P,20200924T144545,0.84792
LGR_P,20200924T144647,-0.02238
LGR_P,20200924T144749,0.01002
LGR_P,20200924T144850,0.03984
LGR_P,20200924T144952,0.54467
LGR_P,20200924T145054,1.90389
LGR_P,20200924T145156,4.50819
LGR_P,20200924T145258,9.48562
LGR_P,20200924T145400,16.59949
LGR_P,20200924T145449,24.11263
LGR_P,20200924T145450,24.24358
LGR_P,20200924T145551,33.53921
LGR_P,20200924T151054,181.76971
LGR_P,20200924T152557,221.92374
LGR_P,20200924T154101,221.99887
LGR_P,20200924T154204,221.99905
LGR_P,20200924T154307,222.00354
Message,20200924T154311,Park Mission
LGR_P,20200924T154313,222.01907
LGR_PTSCI,20200924T154314,222.02466,2.38556,34.15639,30.53773,2.32379
LGR_P,20200924T154315,222.01517
LGR_P,20200924T164310,222.21448
LGR_PTSCI,20200924T164311,222.22293,2.39126,34.15131,30.53865,2.36768
LGR_P,20200924T164312,222.22327
LGR_P,20200924T174313,222.38922
LGR_PTSCI,20200924T174314,222.37463,2.40628,34.15527,30.55490,2.41147
LGR_P,20200924T174315,222.38443
LGR_P,20200924T184316,222.36642
LGR_PTSCI,20200924T184317,222.36404,2.43207,34.16022,30.58118,2.49893
LGR_P,20200924T184318,222.36868
LGR_P,20200924T194319,222.24976
LGR_PTSCI,20200924T194320,222.25397,2.41721,34.15342,30.56278,2.36768
LGR_P,20200924T194321,222.25905
LGR_P,20200924T204322,222.08829
LGR_PTSCI,20200924T204323,222.09531,2.34231,34.12016,30.47119,2.27991
LGR_P,20200924T204324,222.09045
LGR_P,20200924T214325,221.89304
LGR_PTSCI,20200924T214326,221.88168,2.23901,34.11270,30.37599,2.32379
LGR_P,20200924T214327,221.89903
LGR_P,20200924T224328,221.66409
LGR_PTSCI,20200924T224329,221.68286,2.43506,34.16536,30.58762,2.32379
LGR_P,20200924T224330,221.66586
LGR_P,20200924T234331,221.48068
LGR_PTSCI,20200924T234332,221.49570,2.43939,34.16740,30.59293,2.49893
LGR_P,20200924T234333,221.49655
LGR_P,20200925T004334,221.40802
LGR_PTSCI,20200925T004335,221.40704,2.43338,34.15959,30.58138,2.49893
LGR_P,20200925T004336,221.41403
LGR_P,20200925T014337,221.42244
LGR_PTSCI,20200925T014338,221.43604,2.19818,34.11191,30.33997,2.36768
LGR_P,20200925T014339,221.42795
LGR_P,20200925T024340,221.50308
LGR_PTSCI,20200925T024341,221.50018,2.10931,34.08101,30.23870,2.01547
LGR_P,20200925T024342,221.51523
LGR_P,20200925T034343,221.59781
LGR_PTSCI,20200925T034344,221.59351,2.21985,34.10666,30.35449,2.14792
LGR_P,20200925T034345,221.60049
LGR_P,20200925T044346,221.66681
LGR_PTSCI,20200925T044347,221.67096,2.21698,34.10776,30.35293,2.01547
LGR_P,20200925T044348,221.68036
LGR_P,20200925T054349,221.70404
LGR_PTSCI,20200925T054350,221.70439,2.18002,34.10498,30.31887,2.14792
LGR_P,20200925T054351,221.69543
LGR_P,20200925T064352,221.66187
LGR_PTSCI,20200925T064353,221.67212,2.25540,34.11667,30.39322,2.10382
LGR_P,20200925T064354,221.66406
LGR_P,20200925T074355,221.56970
LGR_PTSCI,20200925T074356,221.58563,2.28372,34.12421,30.42366,2.23596
LGR_P,20200925T074357,221.58224
LGR_P,20200925T084358,221.45392
LGR_PTSCI,20200925T084359,221.46841,2.31308,34.12808,30.45205,2.23596
LGR_P,20200925T084400,221.45950
LGR_P,20200925T094401,221.33478
LGR_PTSCI,20200925T094402,221.35168,2.34195,34.13999,30.48653,2.23596
LGR_P,20200925T094403,221.36572
LGR_P,20200925T104404,221.26361
LGR_PTSCI,20200925T104405,221.27286,2.36243,34.14292,30.50653,2.27991
LGR_P,20200925T104406,221.28326
LGR_P,20200925T114407,221.20087
LGR_PTSCI,20200925T114408,221.20465,2.42316,34.16124,30.57378,2.27991
LGR_P,20200925T114409,221.20691
LGR_P,20200925T124410,221.21112
LGR_PTSCI,20200925T124411,221.21902,2.42584,34.16278,30.57735,2.36768
LGR_P,20200925T124412,221.21567
LGR_P,20200925T134413,221.30157
LGR_PTSCI,20200925T134414,221.32266,2.38660,34.15015,30.53328,2.27991
LGR_P,20200925T134415,221.31415
LGR_P,20200925T144416,221.52109
LGR_PTSCI,20200925T144417,221.52142,2.46472,34.18103,30.62588,2.36768
LGR_P,20200925T144418,221.53174
LGR_P,20200925T154419,221.77280
LGR_PTSCI,20200925T154420,221.78922,2.44171,34.17001,30.59718,2.36768
LGR_P,20200925T154421,221.78537
LGR_P,20200925T164422,222.06018
LGR_PTSCI,20200925T164423,222.05258,2.42047,34.15499,30.56679,2.32379
LGR_P,20200925T164424,222.04688
LGR_P,20200925T174425,222.25793
LGR_PTSCI,20200925T174426,222.25552,2.27356,34.12931,30.41931,2.01547
LGR_P,20200925T174427,222.25922
LGR_P,20200925T184428,222.39008
LGR_PTSCI,20200925T184429,222.40558,2.28586,34.13828,30.43720,2.14792
LGR_P,20200925T184430,222.40359
LGR_P,20200925T194431,222.45584
LGR_PTSCI,20200925T194432,222.45193,2.21332,34.12059,30.36043,2.32379
LGR_P,20200925T194433,222.46518
LGR_P,20200925T204434,222.43143
LGR_PTSCI,20200925T204435,222.43228,2.19623,34.10844,30.33594,2.10382
LGR_P,20200925T204436,222.45338
LGR_P,20200925T214437,222.31158
LGR_PTSCI,20200925T214438,222.31946,2.19797,34.11455,30.34229,2.05969
LGR_P,20200925T214439,222.30820
LGR_P,20200925T224440,222.07898
LGR_PTSCI,20200925T224441,222.09448,2.15530,34.10498,30.29776,2.14792
LGR_P,20200925T224442,222.09674
LGR_P,20200925T234443,221.83188
LGR_PTSCI,20200925T234444,221.84172,2.12640,34.10494,30.27274,2.05969
LGR_P,20200925T234445,221.84729
LGR_P,20200926T004446,221.61145
LGR_PTSCI,20200926T004447,221.62595,2.29126,34.12761,30.43292,2.19196
LGR_P,20200926T004448,221.63110
LGR_P,20200926T014449,221.45212
LGR_PTSCI,20200926T014450,221.46143,2.28729,34.13208,30.43303,2.14792
LGR_P,20200926T014451,221.47174
LGR_P,20200926T024452,221.40875
LGR_PTSCI,20200926T024453,221.39932,2.16006,34.10120,30.29852,2.01547
LGR_P,20200926T024454,221.40533
LGR_P,20200926T034455,221.39359
LGR_PTSCI,20200926T034456,221.40106,2.17136,34.10427,30.31071,2.05969
LGR_P,20200926T034457,221.39157
LGR_P,20200926T044458,221.45407
LGR_PTSCI,20200926T044459,221.46292,2.16284,34.09829,30.29860,2.23596
LGR_P,20200926T044500,221.46808
LGR_P,20200926T054501,221.56479
LGR_PTSCI,20200926T054502,221.57693,2.16684,34.10153,30.30469,2.14792
LGR_P,20200926T054503,221.57031
LGR_P,20200926T064504,221.66592
LGR_PTSCI,20200926T064505,221.67676,2.18631,34.10664,30.32561,2.32379
LGR_P,20200926T064506,221.68369
LGR_P,20200926T074507,221.72144
LGR_PTSCI,20200926T074508,221.72894,2.19473,34.10878,30.33461,2.23596
LGR_P,20200926T074509,221.74014
LGR_P,20200926T084510,221.70874
LGR_PTSCI,20200926T084511,221.71109,2.20120,34.10975,30.34095,2.32379
LGR_P,20200926T084512,221.71100
LGR_P,20200926T094513,221.64612
LGR_PTSCI,20200926T094514,221.64514,2.21585,34.11472,30.35754,2.32379
LGR_P,20200926T094515,221.64365
LGR_P,20200926T104516,221.52155
LGR_PTSCI,20200926T104517,221.53421,2.37378,34.14731,30.52001,2.19196
LGR_P,20200926T104518,221.54639
LGR_P,20200926T114519,221.40228
LGR_PTSCI,20200926T114520,221.41394,2.34357,34.13031,30.48015,2.36768
LGR_P,20200926T114521,221.42230
LGR_P,20200926T124522,221.30310
LGR_PTSCI,20200926T124523,221.30869,2.21030,34.10495,30.34475,2.05969
LGR_P,20200926T124524,221.31149
LGR_P,20200926T134525,221.24774
LGR_PTSCI,20200926T134526,221.24823,2.25787,34.12782,30.40412,2.23596
LGR_P,20200926T134527,221.25711
LGR_P,20200926T144528,221.30209
LGR_PTSCI,20200926T144529,221.30444,2.25180,34.14035,30.40900,2.27991
LGR_P,20200926T144530,221.31845
LGR_P,20200926T154531,221.45538
LGR_PTSCI,20200926T154532,221.47844,2.26733,34.12635,30.41121,2.14792
LGR_P,20200926T154533,221.48959
LGR_P,20200926T164534,221.70078
LGR_PTSCI,20200926T164535,221.71249,2.24356,34.12501,30.38974,2.14792
LGR_P,20200926T164536,221.72375
LGR_P,20200926T174537,221.99210
LGR_PTSCI,20200926T174538,221.98965,2.22085,34.11962,30.36595,2.10382
LGR_P,20200926T174539,221.99524
LGR_P,20200926T184540,222.23334
LGR_PTSCI,20200926T184541,222.24268,2.23682,34.12324,30.38273,2.10382
LGR_P,20200926T184542,222.23886
LGR_P,20200926T194543,222.44421
LGR_PTSCI,20200926T194544,222.44040,2.31543,34.13639,30.46122,2.27991
LGR_P,20200926T194545,222.44830
LGR_P,20200926T204546,222.53210
LGR_PTSCI,20200926T204547,222.53391,2.22891,34.10220,30.35913,2.10382
LGR_P,20200926T204548,222.53146
LGR_P,20200926T214549,222.52145
LGR_PTSCI,20200926T214550,222.51807,2.11084,34.09044,30.24803,2.14792
LGR_P,20200926T214551,222.52695
LGR_P,20200926T224552,222.37854
LGR_PTSCI,20200926T224553,222.39777,2.10385,34.08542,30.23794,2.23596
LGR_P,20200926T224554,222.38968
LGR_P,20200926T234555,222.13443
LGR_PTSCI,20200926T234556,222.13477,2.17899,34.09784,30.31244,2.19196
LGR_P,20200926T234557,222.14557
LGR_P,20200927T004558,221.83884
LGR_PTSCI,20200927T004559,221.84250,2.13205,34.07629,30.25462,2.01547
LGR_P,20200927T004600,221.84665
LGR_P,20200927T014601,221.54318
LGR_PTSCI,20200927T014602,221.55865,2.17929,34.09217,30.30790,2.19196
LGR_P,20200927T014603,221.55386
LGR_P,20200927T024604,221.33151
LGR_PTSCI,20200927T024605,221.33896,2.11005,34.13387,30.28162,2.14792
LGR_P,20200927T024606,221.34314
LGR_P,20200927T034607,221.36301
LGR_PTSCI,20200927T034608,221.36389,2.11606,34.09060,30.25213,2.14792
LGR_P,20200927T034609,221.37518
LGR_P,20200927T044610,221.43695
LGR_PTSCI,20200927T044611,221.44907,2.06949,34.07059,30.19609,2.23596
LGR_P,20200927T044612,221.45190
LGR_P,20200927T054613,221.55539
LGR_PTSCI,20200927T054614,221.56332,2.06595,34.06720,30.19038,2.32379
LGR_P,20200927T054615,221.55569
LGR_P,20200927T064616,221.72693
LGR_PTSCI,20200927T064617,221.72778,2.12900,34.09115,30.26387,2.14792
LGR_P,20200927T064618,221.73245
LGR_P,20200927T074619,221.89529
LGR_PTSCI,20200927T074620,221.90521,2.14700,34.09520,30.28269,2.19196
LGR_P,20200927T074621,221.90417
LGR_P,20200927T084622,222.02328
LGR_PTSCI,20200927T084623,222.02414,2.14758,34.09739,30.28500,2.14792
LGR_P,20200927T084624,222.03119
LGR_P,20200927T094625,222.08636
LGR_PTSCI,20200927T094626,222.10226,2.20059,34.10968,30.34055,2.19196
LGR_P,20200927T094627,222.10272
LGR_P,20200927T100120,222.08258
LGR_PTSCI,20200927T100121,222.08298,2.20303,34.10989,30.34282,2.14792
LGR_P,20200927T100122,222.09845
Message,20200927T100124,Deep Descent Mission
LGR_P,20200927T100127,222.09283
LGR_P,20200927T100128,222.09326
LGR_P,20200927T100137,222.09753
LGR_P,20200927T100146,222.09146
LGR_P,20200927T100155,222.09756
LGR_P,20200927T100204,222.09798
LGR_P,20200927T100213,222.10504
LGR_P,20200927T100222,222.10968
Message,20200927T100225,ASCENT
LGR_P,20200927T100228,222.10266
Message,20200927T100232,CP started
LGR_P,20200927T100232,222.09927
LGR_PTSCI,20200927T100233,222.10446,2.20480,34.11099,30.34523,2.05969
LGR_P,20200927T100234,222.10492
LGR_P,20200927T100301,222.10608
LGR_P,20200927T100329,222.11536
LGR_P,20200927T100357,222.11011
LGR_P,20200927T100425,222.11987
LGR_P,20200927T100428,222.12128
LGR_P,20200927T100429,222.11942
LGR_P,20200927T100458,222.11087
LGR_P,20200927T100527,222.13235
LGR_P,20200927T100552,222.11407
LGR_P,20200927T100556,222.11221
LGR_P,20200927T100624,222.12033
LGR_P,20200927T100653,222.12891
LGR_P,20200927T100718,222.11804
LGR_P,20200927T100722,222.12375
LGR_P,20200927T100750,222.12454
LGR_P,20200927T100819,222.12436
LGR_P,20200927T100844,222.12378
LGR_P,20200927T100848,222.11154
LGR_P,20200927T100916,222.11880
LGR_P,20200927T100945,222.11023
LGR_P,20200927T101010,222.11908
LGR_P,20200927T101014,222.10120
LGR_P,20200927T101042,222.12741
LGR_P,20200927T101111,222.11981
LGR_P,20200927T101135,222.11459
LGR_P,20200927T101139,222.11227
LGR_P,20200927T101207,222.10980
LGR_P,20200927T101236,222.11627
LGR_P,20200927T101301,222.11713
LGR_P,20200927T101305,222.12613
LGR_P,20200927T101333,222.11847
LGR_P,20200927T101402,222.10867
LGR_P,20200927T101427,222.11389
LGR_P,20200927T101431,222.11008
LGR_P,20200927T101459,222.09354
LGR_P,20200927T101528,222.13588
LGR_P,20200927T101554,222.16541
LGR_P,20200927T101558,222.21484
LGR_P,20200927T101627,222.25983
LGR_P,20200927T101656,222.31674
LGR_P,20200927T101720,222.30548
LGR_P,20200927T101728,222.31631
LGR_P,20200927T101759,222.31342
LGR_P,20200927T101822,222.31863
LGR_P,20200927T101850,222.31403
LGR_P,20200927T101854,222.30844
LGR_P,20200927T101924,222.30417
LGR_P,20200927T101952,222.31314
LGR_P,20200927T102017,222.31737
LGR_P,20200927T102021,222.30045
LGR_P,20200927T102051,222.31543
LGR_P,20200927T102119,222.30658
LGR_P,20200927T102145,222.30655
LGR_P,20200927T102149,222.31076
LGR_P,20200927T102219,222.30692
LGR_P,20200927T102247,222.31818
LGR_P,20200927T102313,222.30557
LGR_P,20200927T102317,222.30133
LGR_P,20200927T102347,222.30511
LGR_P,20200927T102415,222.30136
LGR_P,20200927T102439,222.30701
LGR_P,20200927T102447,222.30136
LGR_P,20200927T102518,222.30505
LGR_P,20200927T102541,222.30603
LGR_P,20200927T102607,222.30737
LGR_P,20200927T102611,222.30554
LGR_P,20200927T102641,222.29312
LGR_P,20200927T102709,222.30014
LGR_P,20200927T102733,222.29117
LGR_P,20200927T102741,222.30432
LGR_P,20200927T102812,222.30475
LGR_P,20200927T102835,222.29718
LGR_P,20200927T102901,222.29053
LGR_P,20200927T102905,222.29999
LGR_P,20200927T102935,222.30136
LGR_P,20200927T103003,222.29520
LGR_P,20200927T103029,222.29190
LGR_P,20200927T103033,222.29810
LGR_P,20200927T103103,222.29184
LGR_P,20200927T103131,222.27908
LGR_P,20200927T103155,222.29272
LGR_P,20200927T103203,222.28836
LGR_P,20200927T103234,222.29366
LGR_P,20200927T103257,222.29077
LGR_P,20200927T103323,222.28098
LGR_P,20200927T103327,222.29376
LGR_P,20200927T103357,222.28763
LGR_P,20200927T103425,222.28629
LGR_P,20200927T103450,222.29095
LGR_P,20200927T103454,222.28635
LGR_P,20200927T103524,222.27301
LGR_P,20200927T103552,222.28748
LGR_P,20200927T103616,222.28369
LGR_P,20200927T103624,222.28549
LGR_P,20200927T103655,222.28082
LGR_P,20200927T103718,222.28131
LGR_P,20200927T103743,222.27661
LGR_P,20200927T103747,222.28232
LGR_P,20200927T103817,222.27435
LGR_P,20200927T103845,222.27946
LGR_P,20200927T103909,222.26968
LGR_P,20200927T103917,222.28989
LGR_P,20200927T103948,222.27524
LGR_P,20200927T104011,222.27283
LGR_P,20200927T104037,222.27563
LGR_P,20200927T104041,222.27188
LGR_P,20200927T104111,222.27841
LGR_P,20200927T104139,222.27325
LGR_P,20200927T104204,222.27325
LGR_P,20200927T104208,222.27518
LGR_P,20200927T104238,222.06155
LGR_P,20200927T104306,218.53967
LGR_PTSCI,20200927T104307,218.38437,2.16568,34.10079,30.30167,2.19196
LGR_P,20200927T104308,218.30719
LGR_P,20200927T104333,214.15741
LGR_P,20200927T104400,209.16550
LGR_PTSCI,20200927T104401,208.98679,2.07284,34.06997,30.19287,2.10382
LGR_P,20200927T104402,208.89420
LGR_P,20200927T104434,202.93823
LGR_P,20200927T104452,199.62363
LGR_PTSCI,20200927T104453,199.43689,2.03308,34.05353,30.14124,2.14792
LGR_P,20200927T104454,199.35315
LGR_P,20200927T104546,189.97626
LGR_PTSCI,20200927T104547,189.80078,1.97714,34.03190,30.07161,2.10382
LGR_P,20200927T104548,189.71945
LGR_P,20200927T104635,181.35593
LGR_P,20200927T104645,179.58282
LGR_PTSCI,20200927T104646,179.40637,1.96036,34.01312,30.03754,2.10382
LGR_P,20200927T104647,179.31741
LGR_P,20200927T104741,169.76743
LGR_PTSCI,20200927T104742,169.59180,1.96097,33.99630,30.02021,2.10382
LGR_P,20200927T104743,169.51086
LGR_P,20200927T104836,160.25949
LGR_P,20200927T104840,159.65616
LGR_PTSCI,20200927T104841,159.48956,1.93457,33.97865,29.97896,2.01547
LGR_P,20200927T104841,159.36386
LGR_P,20200927T104937,149.83493
LGR_PTSCI,20200927T104938,149.67438,1.93884,33.95451,29.95894,1.92694
LGR_P,20200927T104939,149.59863
LGR_P,20200927T105037,139.82513
LGR_PTSCI,20200927T105038,139.67203,1.96393,33.93182,29.95780,2.05969
LGR_P,20200927T105039,139.57504
LGR_P,20200927T105138,129.69846
LGR_PTSCI,20200927T105139,129.54443,1.93484,33.91172,29.91231,2.10382
LGR_P,20200927T105140,129.44882
LGR_P,20200927T105238,119.82121
LGR_PTSCI,20200927T105239,119.65015,2.02209,33.89655,29.97035,1.88260
LGR_P,20200927T105240,119.56390
LGR_P,20200927T105340,109.59646
LGR_PTSCI,20200927T105341,109.42822,2.03598,33.86470,29.95214,2.19196
LGR_P,20200927T105342,109.35800
LGR_P,20200927T105440,99.83453
LGR_PTSCI,20200927T105441,99.66802,2.28256,33.83163,30.13217,2.14792
LGR_P,20200927T105442,99.58923
LGR_P,20200927T105542,89.97083
LGR_PTSCI,20200927T105543,89.81121,2.46200,33.80318,30.25849,2.05969
LGR_P,20200927T105544,89.73997
LGR_P,20200927T105643,80.52650
LGR_P,20200927T105647,79.99919
LGR_PTSCI,20200927T105648,79.84578,2.63107,33.78134,30.38130,2.41147
LGR_P,20200927T105648,79.74329
LGR_P,20200927T105753,70.14648
LGR_P,20200927T105757,69.63956
LGR_PTSCI,20200927T105758,69.49360,3.00027,33.69549,30.62360,2.58621
LGR_P,20200927T105758,69.40990
LGR_P,20200927T105845,62.95067
LGR_P,20200927T105907,59.98767
LGR_PTSCI,20200927T105908,59.85410,3.46829,33.52959,30.88451,2.71673
LGR_P,20200927T105909,59.78399
LGR_P,20200927T110022,50.39339
LGR_P,20200927T110026,49.95503
LGR_PTSCI,20200927T110027,49.81782,3.67776,33.36802,30.92510,3.14890
LGR_P,20200927T110027,49.72781
LGR_P,20200927T110047,47.18155
LGR_P,20200927T110146,39.40551
LGR_PTSCI,20200927T110147,39.28179,3.69672,33.35900,30.92910,3.19183
LGR_P,20200927T110148,39.21328
LGR_P,20200927T110248,31.10266
LGR_P,20200927T110259,29.60849
LGR_PTSCI,20200927T110300,29.48775,3.59604,33.32852,30.81293,3.23474
LGR_P,20200927T110301,29.42172
LGR_P,20200927T110413,19.73489
LGR_PTSCI,20200927T110414,19.61423,3.59363,33.30663,30.78817,3.40598
LGR_P,20200927T110415,19.53502
LGR_P,20200927T110449,14.92577
LGR_PTSCI,20200927T110450,14.79316,3.69437,33.26884,30.84063,3.32047
LGR_P,20200927T110451,14.73042
LGR_P,20200927T110528,9.76664
LGR_PTSCI,20200927T110529,9.63977,2.90512,33.03809,29.97610,3.61899
LGR_P,20200927T110530,9.58319
LGR_P,20200927T110543,7.87556
LGR_P,20200927T110557,6.18199
LGR_P,20200927T110608,4.93912
LGR_PTSCI,20200927T110609,4.82994,2.21735,32.62261,29.06050,3.32047
LGR_P,20200927T110610,4.77875
LGR_P,20200927T110623,3.34348
Message,20200927T110626,Surface Mission
LGR_P,20200927T110628,2.81126
LGR_PTSCI,20200927T110629,2.68787,1.81451,32.35235,28.51056,3.27765
LGR_P,20200927T111237,-0.08815
LGR_PTSCI,20200927T111238,-0.09709,0.09225,0.07425,0.08781,1.48123
LGR_P,20200927T111304,-0.08836
LGR_PTSCI,20200927T111305,-0.09295,0.32581,0.06561,0.07862,1.34650
Message,20200927T111306,CP stopped
LGR_CP_PTSCI,20200927T100239,222.23181,2.20917,34.11108,30.34912,2.16730,2400
LGR_CP_PTSCI,20200927T104239,221.12656,2.21002,34.11184,30.34997,2.18158,17
LGR_CP_PTSCI,20200927T104256,219.08167,2.18713,34.10525,30.32403,2.15808,13
LGR_CP_PTSCI,20200927T104309,217.01755,2.11972,34.08688,30.25034,2.16824,13
LGR_CP_PTSCI,20200927T104322,215.00540,2.08380,34.07578,30.20964,2.23596,11
LGR_CP_PTSCI,20200927T104333,213.07965,2.08133,34.07446,30.20560,2.17996,11
LGR_CP_PTSCI,20200927T104344,211.07553,2.07663,34.07198,30.19867,2.14389,11
LGR_CP_PTSCI,20200927T104355,208.98715,2.07278,34.07033,30.19311,2.18094,12
LGR_CP_PTSCI,20200927T104407,206.99207,2.07166,34.07017,30.19110,2.17874,10
LGR_CP_PTSCI,20200927T104417,205.06543,2.06766,34.06757,30.18472,2.19196,11
LGR_CP_PTSCI,20200927T104428,203.03708,2.05438,34.06368,30.16928,2.20395,11
LGR_CP_PTSCI,20200927T104439,201.00452,2.04355,34.05920,30.15548,2.09579,11
LGR_CP_PTSCI,20200927T104450,198.98050,2.02768,34.05251,30.13559,2.06369,11
LGR_CP_PTSCI,20200927T104501,196.97772,1.99701,34.03978,30.09818,2.15994,11
LGR_CP_PTSCI,20200927T104512,195.00388,1.98672,34.03548,30.08503,2.09579,11
LGR_CP_PTSCI,20200927T104523,192.97467,1.98166,34.03374,30.07839,2.06705,12
LGR_CP_PTSCI,20200927T104535,190.94202,1.97870,34.03226,30.07375,2.07172,11
LGR_CP_PTSCI,20200927T104546,189.01315,1.97272,34.02971,30.06570,2.07974,11
LGR_CP_PTSCI,20200927T104557,186.98077,1.96732,34.02546,30.05677,2.07806,12
LGR_CP_PTSCI,20200927T104609,184.95013,1.96222,34.02023,30.04730,2.05164,11
LGR_CP_PTSCI,20200927T104620,183.02585,1.96420,34.01871,30.04692,2.05164,11
LGR_CP_PTSCI,20200927T104631,181.00549,1.96326,34.01693,30.04379,2.08176,12
LGR_CP_PTSCI,20200927T104643,178.95810,1.95831,34.01378,30.03611,1.99536,11
LGR_CP_PTSCI,20200927T104654,177.00937,1.95450,34.01221,30.03071,2.04361,11
LGR_CP_PTSCI,20200927T104705,174.98785,1.95490,34.01055,30.02881,1.97491,12
LGR_CP_PTSCI,20200927T104717,172.97971,1.95834,34.00599,30.02722,2.07571,11
LGR_CP_PTSCI,20200927T104728,170.97751,1.96014,33.99953,30.02271,2.04495,12
LGR_CP_PTSCI,20200927T104740,168.98459,1.96045,33.99801,30.02086,1.99939,11
LGR_CP_PTSCI,20200927T104751,166.99127,1.95865,33.99556,30.01647,2.01547,12
LGR_CP_PTSCI,20200927T104803,165.00900,1.95132,33.99144,30.00600,1.99133,11
LGR_CP_PTSCI,20200927T104814,163.03387,1.94641,33.98739,29.99767,1.97122,12
LGR_CP_PTSCI,20200927T104826,160.95847,1.94772,33.98372,29.99493,1.97491,12
LGR_CP_PTSCI,20200927T104838,158.96783,1.93274,33.97786,29.97654,1.99536,11
LGR_CP_PTSCI,20200927T104849,156.97433,1.92673,33.97529,29.96843,2.00073,12
LGR_CP_PTSCI,20200927T104901,155.00327,1.92508,33.96972,29.96169,1.95914,11
LGR_CP_PTSCI,20200927T104912,153.04633,1.92868,33.95962,29.95585,2.00443,12
LGR_CP_PTSCI,20200927T104924,151.02136,1.93695,33.95548,29.95870,1.90475,12
LGR_CP_PTSCI,20200927T104936,149.00183,1.94128,33.95379,29.96015,1.93433,12
LGR_CP_PTSCI,20200927T104948,146.97757,1.94608,33.95226,29.96212,1.94537,12
LGR_CP_PTSCI,20200927T105000,144.94882,1.95218,33.94875,29.96363,1.90106,12
LGR_CP_PTSCI,20200927T105012,142.94037,1.96252,33.94183,29.96605,1.96384,12
LGR_CP_PTSCI,20200927T105024,140.97223,1.96426,33.93307,29.95967,1.89371,12
LGR_CP_PTSCI,20200927T105036,138.99261,1.96280,33.93106,29.95591,1.86780,12
LGR_CP_PTSCI,20200927T105048,136.99677,1.96146,33.92902,29.95224,1.85672,12
LGR_CP_PTSCI,20200927T105100,134.99026,1.96405,33.92767,29.95247,1.88629,12
LGR_CP_PTSCI,20200927T105112,132.99622,1.96368,33.92420,29.94849,1.87521,12
LGR_CP_PTSCI,20200927T105124,131.01941,1.94104,33.91550,29.92128,1.93063,12
LGR_CP_PTSCI,20200927T105136,129.04086,1.93619,33.91201,29.91347,1.91217,12
LGR_CP_PTSCI,20200927T105148,127.06431,1.95279,33.90700,29.92276,1.89371,12
LGR_CP_PTSCI,20200927T105200,125.01640,1.96527,33.90437,29.93042,1.87234,13
LGR_CP_PTSCI,20200927T105213,122.95611,1.98480,33.90316,29.94523,1.92325,12
LGR_CP_PTSCI,20200927T105225,120.98011,2.00040,33.90147,29.95632,1.96017,12
LGR_CP_PTSCI,20200927T105237,118.99149,2.02838,33.89867,29.97712,1.86038,12
LGR_CP_PTSCI,20200927T105249,117.01630,2.02441,33.89070,29.96646,2.00443,12
LGR_CP_PTSCI,20200927T105301,115.04361,1.98795,33.88190,29.92737,1.88629,12
LGR_CP_PTSCI,20200927T105313,113.05250,1.99945,33.87762,29.93288,1.93802,12
LGR_CP_PTSCI,20200927T105325,110.99060,2.01007,33.87374,29.93793,1.85867,13
LGR_CP_PTSCI,20200927T105338,108.94360,2.05389,33.86275,29.96568,1.94171,12
LGR_CP_PTSCI,20200927T105350,106.98798,2.08194,33.85779,29.98480,1.88998,12
LGR_CP_PTSCI,20200927T105402,105.01922,2.12192,33.85222,30.01365,1.93063,12
LGR_CP_PTSCI,20200927T105414,102.98490,2.19608,33.84212,30.06806,1.92694,13
LGR_CP_PTSCI,20200927T105427,100.95770,2.25818,33.83713,30.11629,1.98599,12
LGR_CP_PTSCI,20200927T105439,99.02348,2.28787,33.83109,30.13599,2.03391,12
LGR_CP_PTSCI,20200927T105451,97.00414,2.30414,33.82809,30.14658,2.03928,13
LGR_CP_PTSCI,20200927T105504,95.00208,2.35614,33.81449,30.17926,2.03391,12
LGR_CP_PTSCI,20200927T105516,93.01853,2.38269,33.81312,30.20000,1.96103,13
LGR_CP_PTSCI,20200927T105529,90.98618,2.44254,33.80561,30.24430,2.03247,13
LGR_CP_PTSCI,20200927T105542,88.95316,2.48111,33.80378,30.27497,2.08347,13
LGR_CP_PTSCI,20200927T105555,86.92802,2.51642,33.79643,30.29838,2.07327,13
LGR_CP_PTSCI,20200927T105608,84.99158,2.52710,33.78933,30.30091,2.10748,12
LGR_CP_PTSCI,20200927T105620,83.05962,2.56598,33.78204,30.32747,2.17502,13
LGR_CP_PTSCI,20200927T105633,81.06167,2.59058,33.78003,30.34603,2.16486,13
LGR_CP_PTSCI,20200927T105646,79.01139,2.65625,33.77716,30.39913,2.22339,14
LGR_CP_PTSCI,20200927T105700,76.96387,2.74652,33.76714,30.46756,2.23596,13
LGR_CP_PTSCI,20200927T105713,75.02521,2.79141,33.75549,30.49574,2.30017,13
LGR_CP_PTSCI,20200927T105726,73.03596,2.82196,33.74582,30.51319,2.31439,14
LGR_CP_PTSCI,20200927T105740,71.00799,2.89383,33.71686,30.55034,2.37708,14
LGR_CP_PTSCI,20200927T105754,69.00607,3.03372,33.69049,30.64802,2.44272,14
LGR_CP_PTSCI,20200927T105808,66.96867,3.15662,33.66030,30.72794,2.46979,15
LGR_CP_PTSCI,20200927T105823,64.98597,3.25378,33.62891,30.78470,2.53946,14
LGR_CP_PTSCI,20200927T105837,63.02319,3.30560,33.60944,30.81229,2.61234,15
LGR_CP_PTSCI,20200927T105852,60.99752,3.37830,33.57811,30.84793,2.63266,15
LGR_CP_PTSCI,20200927T105907,58.99461,3.50809,33.50974,30.90182,2.71964,15
LGR_CP_PTSCI,20200927T105922,56.97744,3.60468,33.44711,30.93169,2.79001,16
LGR_CP_PTSCI,20200927T105938,54.94563,3.65784,33.40878,30.94440,2.85770,16
LGR_CP_PTSCI,20200927T105954,52.98956,3.66406,33.40009,30.94160,2.94492,15
LGR_CP_PTSCI,20200927T110009,51.02575,3.67380,33.37216,30.92570,3.03320,16
LGR_CP_PTSCI,20200927T110025,48.98444,3.67706,33.36490,30.92152,3.05743,16
LGR_CP_PTSCI,20200927T110041,46.98306,3.68283,33.36328,30.92421,3.17468,15
LGR_CP_PTSCI,20200927T110056,45.03505,3.69696,33.36147,30.93395,3.18039,15
LGR_CP_PTSCI,20200927T110111,43.05876,3.69751,33.35952,30.93191,3.22333,15
LGR_CP_PTSCI,20200927T110126,41.00690,3.69632,33.35799,30.92868,3.28833,16
LGR_CP_PTSCI,20200927T110142,38.94504,3.69559,33.35612,30.92557,3.33472,15
LGR_CP_PTSCI,20200927T110157,36.93818,3.65875,33.34645,30.88499,3.36893,15
LGR_CP_PTSCI,20200927T110212,35.00738,3.64401,33.34145,30.86731,3.36935,14
LGR_CP_PTSCI,20200927T110226,33.06343,3.65607,33.33797,30.87386,3.41736,15
LGR_CP_PTSCI,20200927T110241,31.03580,3.63309,33.33361,30.84961,3.38321,15
LGR_CP_PTSCI,20200927T110256,29.01214,3.60187,33.32799,30.81726,3.45435,15
LGR_CP_PTSCI,20200927T110311,26.99954,3.58417,33.32134,30.79565,3.46005,15
LGR_CP_PTSCI,20200927T110326,24.99991,3.58658,33.32044,30.79606,3.42593,15
LGR_CP_PTSCI,20200927T110341,23.00733,3.58475,33.31919,30.79257,3.48846,15
LGR_CP_PTSCI,20200927T110356,21.00646,3.59415,33.31335,30.79484,3.50836,15
LGR_CP_PTSCI,20200927T110411,18.99380,3.59784,33.30289,30.78837,3.46857,15
LGR_CP_PTSCI,20200927T110426,16.98277,3.64719,33.29045,30.81931,3.51688,15
LGR_CP_PTSCI,20200927T110441,14.98705,3.68900,33.27142,30.83829,3.56232,15
LGR_CP_PTSCI,20200927T110456,13.00467,3.68729,33.25104,30.81887,3.49701,15
LGR_CP_PTSCI,20200927T110511,11.01920,3.19931,33.14843,30.31668,3.48563,15
LGR_CP_PTSCI,20200927T110526,9.00073,2.85632,33.00684,29.90902,3.53125,16
LGR_CP_PTSCI,20200927T110542,6.95480,2.42502,32.82251,29.39592,3.46121,17
LGR_CP_PTSCI,20200927T110559,4.94184,2.22400,32.64633,29.08521,3.39410,18
LGR_CP_PTSCI,20200927T110617,2.98612,1.92508,32.39991,28.63947,3.24377,19
LGR_CP_PTSCI,20200927T110636,1.01061,1.41156,32.18996,28.05196,3.04971,23
LGR_CP_PTSCI,20200927T110659,-0.08304,0.54364,1.40082,1.46966,1.72412,294
GPS,20200927T111349,68.984222,-52.764923,8
