Date,Julian Day,Latitude,Longitude,Station name,Depth (m),Temp (Â°C),Conductivity (S/m),Salinity (PSU),Density (kg/m^3),Fluorescence (arbitrary),Turbidity (FTU),PAR/Irradiance,ID_CTD
2020-05-06,43957,69Â° 13.287 N,53Â° 39.229 W,Vinter station,37.0,0.516,2.8502,33.6958,1027.2038,0.44,0.359,0.0,Seabird SBE19plus
2020-05-06,43957,69Â° 13.287 N,53Â° 39.229 W,Vinter station,38.0,0.517,2.8505,33.6978,1027.2101,0.34,0.339,0.0,Seabird SBE19plus
2020-05-06,43957,69Â° 13.287 N,53Â° 39.229 W,Vinter station,39.0,0.52,2.8508,33.6989,1027.2156,0.33,0.357,0.0,Seabird SBE19plus
2020-05-06,43957,69Â° 13.287 N,53Â° 39.229 W,Vinter station,40.0,0.521,2.851,33.6991,1027.2205,0.28,0.355,0.0,Seabird SBE19plus
2020-05-06,43957,69Â° 13.287 N,53Â° 39.229 W,Vinter station,41.0,0.523,2.8512,33.6998,1027.2258,0.27,0.36,0.0,Seabird SBE19plus
2020-05-06,43957,69Â° 13.287 N,53Â° 39.229 W,Vinter station,42.0,0.526,2.8518,33.703,1027.233,0.29,0.435,0.0,Seabird SBE19plus
2020-05-06,43957,69Â° 13.287 N,53Â° 39.229 W,Vinter station,43.0,0.543,2.8538,33.711,1027.2432,0.26,0.363,0.0,Seabird SBE19plus
2020-05-06,43957,69Â° 13.287 N,53Â° 39.229 W,Vinter station,44.0,0.553,2.8547,33.71,1027.2466,0.33,0.36,0.0,Seabird SBE19plus
2020-05-06,43957,69Â° 13.287 N,53Â° 39.229 W,Vinter station,45.0,0.563,2.8561,33.7164,1027.2559,0.27,0.383,0.0,Seabird SBE19plus
2020-05-06,43957,69Â° 13.287 N,53Â° 39.229 W,Vinter station,46.0,0.579,2.8573,33.7155,1027.2592,0.26,0.358,0.0,Seabird SBE19plus
2020-05-06,43957,69Â° 13.287 N,53Â° 39.229 W,Vinter station,47.0,0.586,2.8582,33.7185,1027.2659,0.36,0.382,0.0,Seabird SBE19plus
2020-05-06,43957,69Â° 13.287 N,53Â° 39.229 W,Vinter station,48.0,0.597,2.8595,33.7221,1027.273,0.31,0.374,0.0,Seabird SBE19plus
2020-05-06,43957,69Â° 13.287 N,53Â° 39.229 W,Vinter station,49.0,0.616,2.8612,33.7238,1027.2781,0.26,0.377,0.0,Seabird SBE19plus
2020-05-06,43957,69Â° 13.287 N,53Â° 39.229 W,Vinter station,50.0,0.619,2.8612,33.7198,1027.2795,0.35,0.361,0.0,Seabird SBE19plus
2020-05-06,43957,69Â° 13.287 N,53Â° 39.229 W,Vinter station,51.0,0.615,2.8612,33.7234,1027.2874,0.28,0.332,0.0,Seabird SBE19plus
2020-05-06,43957,69Â° 13.287 N,53Â° 39.229 W,Vinter station,52.0,0.624,2.8621,33.7249,1027.2928,0.29,0.366,0.0,Seabird SBE19plus
2020-05-06,43957,69Â° 13.287 N,53Â° 39.229 W,Vinter station,53.0,0.633,2.863,33.7257,1027.2978,0.26,0.369,0.0,Seabird SBE19plus
2020-05-06,43957,69Â° 13.287 N,53Â° 39.229 W,Vinter station,54.0,0.637,2.8634,33.7257,1027.3023,0.24,0.373,0.0,Seabird SBE19plus
2020-05-06,43957,69Â° 13.287 N,53Â° 39.229 W,Vinter station,55.0,0.643,2.8641,33.7279,1027.3086,0.28,0.345,0.0,Seabird SBE19plus
2022-07-28,44770,69Â° 11.1 N,53Â° 31.1 W,Fast station,66.0,0.5865,2.84473,33.5309,1027.2062,0.17,0.202,0.01,Seabird SBE19plus
2022-07-28,44770,69Â° 11.1 N,53Â° 31.1 W,Fast station,68.0,0.3843,2.829405,33.5497,1027.2426,0.31,0.203,0.0,Seabird SBE19plus
2022-07-28,44770,69Â° 11.1 N,53Â° 31.1 W,Fast station,69.0,0.4439,2.833384,33.5362,1027.2332,0.14,0.195,0.0,Seabird SBE19plus
2022-07-28,44770,69Â° 11.1 N,53Â° 31.1 W,Fast station,70.0,0.4503,2.834706,33.5459,1027.2454,0.16,0.223,0.0,Seabird SBE19plus
2022-07-28,44770,69Â° 11.1 N,53Â° 31.1 W,Fast station,71.0,0.613,2.851923,33.5926,1027.2783,0.17,0.195,0.0,Seabird SBE19plus
2022-07-28,44770,69Â° 11.1 N,53Â° 31.1 W,Fast station,72.0,0.7305,2.860239,33.5725,1027.2598,0.16,0.215,0.0,Seabird SBE19plus
2022-07-28,44770,69Â° 11.1 N,53Â° 31.1 W,Fast station,73.0,0.7295,2.859915,33.5688,1027.2616,0.14,0.218,0.0,Seabird SBE19plus
2022-07-28,44770,69Â° 11.1 N,53Â° 31.1 W,Fast station,74.0,0.7014,2.858403,33.5791,1027.2764,0.13,0.194,0.0,Seabird SBE19plus
2022-07-28,44770,69Â° 11.1 N,53Â° 31.1 W,Fast station,75.0,0.6862,2.8565,33.5702,1027.2751,0.12,0.199,0.0,Seabird SBE19plus
2022-07-28,44770,69Â° 11.1 N,53Â° 31.1 W,Fast station,76.0,0.6399,2.852991,33.5744,1027.286,0.12,0.198,0.0,Seabird SBE19plus
2022-07-28,44770,69Â° 11.1 N,53Â° 31.1 W,Fast station,77.0,0.6386,2.853402,33.5805,1027.2958,0.13,0.197,0.0,Seabird SBE19plus
2022-07-28,44770,69Â° 11.1 N,53Â° 31.1 W,Fast station,78.0,0.6016,2.849893,33.5745,1027.298,0.12,0.211,0.0,Seabird SBE19plus
2021-07-13,44390,69Â° 11.1 N,53Â° 31.1 W,Fast station,76.0,-0.417,2.7522,33.4011,1027.2022,0.17,0.288,0.0,Seabird SBE19plus
2021-07-13,44390,69Â° 11.1 N,53Â° 31.1 W,Fast station,78.0,-0.441,2.7497,33.3929,1027.2064,0.11,0.284,0.0,Seabird SBE19plus
2021-07-13,44390,69Â° 11.1 N,53Â° 31.1 W,Fast station,80.0,-0.555,2.739,33.3739,1027.2058,0.12,0.245,0.0,Seabird SBE19plus
2021-07-13,44390,69Â° 11.1 N,53Â° 31.1 W,Fast station,82.0,-0.805,2.7186,33.3742,1027.2261,0.11,0.242,0.0,Seabird SBE19plus
2021-07-13,44390,69Â° 11.1 N,53Â° 31.1 W,Fast station,83.0,-0.85,2.7177,33.4106,1027.2622,0.1,0.232,0.0,Seabird SBE19plus
2021-07-13,44390,69Â° 11.1 N,53Â° 31.1 W,Fast station,84.0,-0.82,2.7202,33.4103,1027.2656,0.1,0.213,0.0,Seabird SBE19plus
2021-07-13,44390,69Â° 11.1 N,53Â° 31.1 W,Fast station,85.0,-0.81,2.7206,33.4039,1027.2649,0.1,0.239,0.0,Seabird SBE19plus
2021-07-13,44390,69Â° 11.1 N,53Â° 31.1 W,Fast station,86.0,-0.806,2.7207,33.4014,1027.2676,0.11,0.228,0.0,Seabird SBE19plus
2021-07-13,44390,69Â° 11.1 N,53Â° 31.1 W,Fast station,87.0,-0.809,2.72,33.3938,1027.2664,0.1,0.414,0.0,Seabird SBE19plus
2021-07-13,44390,69Â° 11.1 N,53Â° 31.1 W,Fast station,88.0,-0.86,2.7141,33.3689,1027.2531,0.11,0.213,0.0,Seabird SBE19plus
2021-07-13,44390,69Â° 11.1 N,53Â° 31.1 W,Fast station,89.0,-0.877,2.7164,33.419,1027.2992,0.1,0.237,0.0,Seabird SBE19plus
2021-07-13,44390,69Â° 11.1 N,53Â° 31.1 W,Fast station,90.0,-0.87,2.7143,33.3817,1027.2736,0.09,0.217,0.0,Seabird SBE19plus
2021-07-13,44390,69Â° 11.1 N,53Â° 31.1 W,Fast station,91.0,-0.916,2.7109,33.3862,1027.2839,0.09,0.323,0.0,Seabird SBE19plus
2021-07-13,44390,69Â° 11.1 N,53Â° 31.1 W,Fast station,92.0,-0.946,2.7095,33.3999,1027.3009,0.09,0.225,0.0,Seabird SBE19plus
2021-06-18,44365,69Â° 11.1 N,53Â° 31.1 W,Fast station,70.0,-0.669,2.7329,33.4239,1027.2027,0.19,2.004,0.0,Seabird SBE19plus
2021-06-18,44365,69Â° 11.1 N,53Â° 31.1 W,Fast station,71.0,-0.663,2.7338,33.4289,1027.2113,0.17,1.946,0.0,Seabird SBE19plus
2021-06-18,44365,69Â° 11.1 N,53Â° 31.1 W,Fast station,72.0,-0.647,2.7361,33.4415,1027.2257,0.17,1.869,0.0,Seabird SBE19plus
2021-06-18,44365,69Â° 11.1 N,53Â° 31.1 W,Fast station,73.0,-0.598,2.7417,33.4619,1027.2449,0.19,1.748,0.0,Seabird SBE19plus
2021-06-18,44365,69Â° 11.1 N,53Â° 31.1 W,Fast station,74.0,-0.551,2.745,33.4531,1027.2405,0.18,1.728,0.0,Seabird SBE19plus
2021-06-18,44365,69Â° 11.1 N,53Â° 31.1 W,Fast station,75.0,-0.509,2.7505,33.4805,1027.2657,0.19,1.71,0.0,Seabird SBE19plus
2021-06-18,44365,69Â° 11.1 N,53Â° 31.1 W,Fast station,76.0,-0.447,2.7534,33.4505,1027.2435,0.21,1.703,0.0,Seabird SBE19plus
2021-06-18,44365,69Â° 11.1 N,53Â° 31.1 W,Fast station,77.0,-0.457,2.7525,33.4474,1027.2463,0.2,1.728,0.0,Seabird SBE19plus
2021-06-18,44365,69Â° 11.1 N,53Â° 31.1 W,Fast station,78.0,-0.462,2.7525,33.4535,1027.2563,0.17,1.775,0.0,Seabird SBE19plus
2021-06-18,44365,69Â° 11.1 N,53Â° 31.1 W,Fast station,79.0,-0.462,2.7527,33.4551,1027.2625,0.18,1.879,0.0,Seabird SBE19plus
2021-06-18,44365,69Â° 11.1 N,53Â° 31.1 W,Fast station,80.0,-0.461,2.7529,33.4558,1027.2678,0.2,1.885,0.0,Seabird SBE19plus
2021-06-18,44365,69Â° 11.1 N,53Â° 31.1 W,Fast station,81.0,-0.458,2.7533,33.4588,1027.2749,0.19,1.859,0.0,Seabird SBE19plus
2021-06-18,44365,69Â° 11.1 N,53Â° 31.1 W,Fast station,82.0,-0.455,2.7538,33.4607,1027.2811,0.19,1.858,0.0,Seabird SBE19plus
2021-06-18,44365,69Â° 11.1 N,53Â° 31.1 W,Fast station,83.0,-0.445,2.7555,33.4715,1027.2943,0.18,1.912,0.0,Seabird SBE19plus
2021-06-18,44365,69Â° 11.1 N,53Â° 31.1 W,Fast station,84.0,-0.412,2.7578,33.4659,1027.293,0.2,1.854,0.0,Seabird SBE19plus
2018-03-26,43185,69Â° 14.81 N,53Â° 29.55 W,Vinter station,53.0,-1.495,2.6712,33.5131,1027.222,0.24,0.159,0.25,Seabird SBE19plus
2018-03-26,43185,69Â° 14.81 N,53Â° 29.55 W,Vinter station,54.0,-1.341,2.6819,33.4866,1027.2007,0.23,0.141,0.24,Seabird SBE19plus
2018-03-26,43185,69Â° 14.81 N,53Â° 29.55 W,Vinter station,57.0,-1.417,2.6759,33.4875,1027.2184,0.24,0.15,0.22,Seabird SBE19plus
2018-03-26,43185,69Â° 14.81 N,53Â° 29.55 W,Vinter station,58.0,-1.414,2.6775,33.5072,1027.2392,0.22,0.127,0.22,Seabird SBE19plus
2018-03-26,43185,69Â° 14.81 N,53Â° 29.55 W,Vinter station,59.0,-1.177,2.7022,33.579,1027.2944,0.19,0.199,0.21,Seabird SBE19plus
2018-03-26,43185,69Â° 14.81 N,53Â° 29.55 W,Vinter station,61.0,-0.802,2.7307,33.5472,1027.2643,0.13,0.113,0.19,Seabird SBE19plus
2018-03-26,43185,69Â° 14.81 N,53Â° 29.55 W,Vinter station,64.0,-0.208,2.7838,33.5998,1027.295,0.08,0.12,0.18,Seabird SBE19plus
2018-03-26,43185,69Â° 14.81 N,53Â° 29.55 W,Vinter station,65.0,-0.171,2.7857,33.5832,1027.2846,0.08,0.147,0.17,Seabird SBE19plus
2018-03-26,43185,69Â° 14.81 N,53Â° 29.55 W,Vinter station,66.0,-0.157,2.7873,33.5884,1027.2929,0.07,0.116,0.17,Seabird SBE19plus
2018-03-26,43185,69Â° 14.81 N,53Â° 29.55 W,Vinter station,67.0,-0.158,2.7873,33.5895,1027.2986,0.07,0.121,0.17,Seabird SBE19plus
2018-03-26,43185,69Â° 14.81 N,53Â° 29.55 W,Vinter station,68.0,-0.145,2.7887,33.5932,1027.3059,0.08,0.121,0.16,Seabird SBE19plus
2022-03-25,44645,69Â° 14'.46 N,53Â° 28.46 W,Vinter station,39.0,-1.67,,33.569,1027.2036,0.33,,,AML 6
2022-03-25,44645,69Â° 14'.46 N,53Â° 28.46 W,Vinter station,40.0,-1.67,,33.5683,1027.2078,0.3,,,AML 6
2022-03-25,44645,69Â° 14'.46 N,53Â° 28.46 W,Vinter station,41.0,-1.67,,33.5679,1027.2123,0.31,,,AML 6
2022-03-25,44645,69Â° 14'.46 N,53Â° 28.46 W,Vinter station,42.0,-1.67,,33.571,1027.2196,0.31,,,AML 6
2022-03-25,44645,69Â° 14'.46 N,53Â° 28.46 W,Vinter station,43.0,-1.66,,33.5717,1027.2249,0.32,,,AML 6
2022-03-25,44645,69Â° 14'.46 N,53Â° 28.46 W,Vinter station,44.0,-1.66,,33.5734,1027.2309,0.32,,,AML 6
2022-03-25,44645,69Â° 14'.46 N,53Â° 28.46 W,Vinter station,45.0,-1.66,,33.5727,1027.235,0.28,,,AML 6
2022-03-25,44645,69Â° 14'.46 N,53Â° 28.46 W,Vinter station,46.0,-1.65,,33.5704,1027.2378,0.31,,,AML 6
2022-03-25,44645,69Â° 14'.46 N,53Â° 28.46 W,Vinter station,47.0,-1.65,,33.5711,1027.2431,0.29,,,AML 6
2022-03-25,44645,69Â° 14'.46 N,53Â° 28.46 W,Vinter station,48.0,-1.65,,33.5716,1027.2487,0.28,,,AML 6
2022-03-25,44645,69Â° 14'.46 N,53Â° 28.46 W,Vinter station,49.0,-1.65,,33.5728,1027.2542,0.29,,,AML 6
2022-03-25,44645,69Â° 14'.46 N,53Â° 28.46 W,Vinter station,50.0,-1.65,,33.5728,1027.2586,0.31,,,AML 6
2022-03-25,44645,69Â° 14'.46 N,53Â° 28.46 W,Vinter station,51.0,-1.65,,33.5724,1027.2637,0.3,,,AML 6
2022-03-25,44645,69Â° 14'.46 N,53Â° 28.46 W,Vinter station,52.0,-1.64,,33.5744,1027.2699,0.28,,,AML 6
2022-03-25,44645,69Â° 14'.46 N,53Â° 28.46 W,Vinter station,53.0,-1.64,,33.5737,1027.2742,0.26,,,AML 6
2022-03-25,44645,69Â° 14'.46 N,53Â° 28.46 W,Vinter station,54.0,-1.64,,33.5736,1027.2789,0.28,,,AML 6
2022-03-25,44645,69Â° 14'.46 N,53Â° 28.46 W,Vinter station,55.0,-1.64,,33.5738,1027.2839,0.27,,,AML 6
2022-03-25,44645,69Â° 14'.46 N,53Â° 28.46 W,Vinter station,56.0,-1.64,,33.5747,1027.2898,0.27,,,AML 6
2022-03-25,44645,69Â° 14'.46 N,53Â° 28.46 W,Vinter station,57.0,-1.64,,33.5748,1027.2941,0.28,,,AML 6
2022-03-25,44645,69Â° 14'.46 N,53Â° 28.46 W,Vinter station,58.0,-1.63,,33.5728,1027.2974,0.27,,,AML 6
2022-03-25,44645,69Â° 14'.46 N,53Â° 28.46 W,Vinter station,59.0,-1.63,,33.5756,1027.3052,0.27,,,AML 6
2022-03-25,44645,69Â° 14'.46 N,53Â° 28.46 W,Vinter station,60.0,-1.62,,33.5743,1027.3082,0.28,,,AML 6
2018-05-27,43247,69Â° 11.1 N,53Â° 31.1 W,Fast station,54.0,0.037,2.8006,33.5598,1027.2021,4.68,0.468,0.94,Seabird SBE19plus
2018-05-27,43247,69Â° 11.1 N,53Â° 31.1 W,Fast station,55.0,0.033,2.8006,33.5632,1027.2099,6.8,0.471,0.94,Seabird SBE19plus
2018-05-27,43247,69Â° 11.1 N,53Â° 31.1 W,Fast station,56.0,0.037,2.8014,33.5688,1027.219,4.89,0.502,0.96,Seabird SBE19plus
2018-05-27,43247,69Â° 11.1 N,53Â° 31.1 W,Fast station,57.0,0.056,2.8036,33.5752,1027.2281,6.1,0.466,0.98,Seabird SBE19plus
2018-05-27,43247,69Â° 11.1 N,53Â° 31.1 W,Fast station,58.0,0.07,2.8048,33.5758,1027.2326,6.59,0.517,0.98,Seabird SBE19plus
2018-05-27,43247,69Â° 11.1 N,53Â° 31.1 W,Fast station,59.0,0.066,2.8045,33.5753,1027.2373,4.78,0.469,1.01,Seabird SBE19plus
2018-05-27,43247,69Â° 11.1 N,53Â° 31.1 W,Fast station,60.0,0.064,2.8052,33.5864,1027.2512,7.0,0.463,1.02,Seabird SBE19plus
2018-05-27,43247,69Â° 11.1 N,53Â° 31.1 W,Fast station,61.0,0.068,2.8063,33.5957,1027.2633,5.55,0.568,1.04,Seabird SBE19plus
2018-05-27,43247,69Â° 11.1 N,53Â° 31.1 W,Fast station,62.0,0.069,2.8064,33.5967,1027.2688,3.72,0.444,1.06,Seabird SBE19plus
2018-05-27,43247,69Â° 11.1 N,53Â° 31.1 W,Fast station,63.0,0.073,2.807,33.5991,1027.2754,3.83,0.441,1.08,Seabird SBE19plus
2018-05-27,43247,69Â° 11.1 N,53Â° 31.1 W,Fast station,64.0,0.076,2.8075,33.6017,1027.2822,3.73,0.458,1.08,Seabird SBE19plus
2018-05-27,43247,69Â° 11.1 N,53Â° 31.1 W,Fast station,65.0,0.077,2.8077,33.6024,1027.2875,3.27,0.434,1.1,Seabird SBE19plus
2018-05-27,43247,69Â° 11.1 N,53Â° 31.1 W,Fast station,66.0,0.078,2.8081,33.606,1027.2951,6.69,0.654,1.12,Seabird SBE19plus
2018-05-27,43247,69Â° 11.1 N,53Â° 31.1 W,Fast station,67.0,0.081,2.8084,33.6061,1027.2999,5.31,0.481,1.12,Seabird SBE19plus
2018-05-27,43247,69Â° 11.1 N,53Â° 31.1 W,Fast station,68.0,0.082,2.8087,33.6088,1027.3068,4.16,0.487,1.14,Seabird SBE19plus
2018-09-10,43353,69Â° 11.1 N,53Â° 31.1 W,Fast station,80.0,0.997,2.8756,33.4789,1027.206,0.11,0.118,0.0,Seabird SBE19plus
2018-09-10,43353,69Â° 11.1 N,53Â° 31.1 W,Fast station,81.0,0.944,2.8711,33.4765,1027.2123,0.1,0.128,0.0,Seabird SBE19plus
2018-09-10,43353,69Â° 11.1 N,53Â° 31.1 W,Fast station,82.0,0.903,2.8695,33.4994,1027.2381,0.11,0.124,0.0,Seabird SBE19plus
2018-09-10,43353,69Â° 11.1 N,53Â° 31.1 W,Fast station,83.0,0.872,2.8678,33.5112,1027.2544,0.1,0.154,0.0,Seabird SBE19plus
2018-09-10,43353,69Â° 11.1 N,53Â° 31.1 W,Fast station,84.0,0.853,2.8665,33.5149,1027.2634,0.11,0.158,0.0,Seabird SBE19plus
2018-09-10,43353,69Â° 11.1 N,53Â° 31.1 W,Fast station,85.0,0.837,2.866,33.5238,1027.2763,0.1,0.148,0.0,Seabird SBE19plus
2018-09-10,43353,69Â° 11.1 N,53Â° 31.1 W,Fast station,86.0,0.833,2.8656,33.5225,1027.2803,0.11,0.158,0.0,Seabird SBE19plus
2018-09-10,43353,69Â° 11.1 N,53Â° 31.1 W,Fast station,87.0,0.822,2.8649,33.5246,1027.2875,0.1,0.148,0.0,Seabird SBE19plus
2018-09-10,43353,69Â° 11.1 N,53Â° 31.1 W,Fast station,88.0,0.815,2.8643,33.5239,1027.2921,0.11,0.126,0.0,Seabird SBE19plus
2018-09-10,43353,69Â° 11.1 N,53Â° 31.1 W,Fast station,89.0,0.781,2.8611,33.5197,1027.2957,0.1,0.127,0.0,Seabird SBE19plus
2018-05-21,43241,69Â° 14.81 N,53Â° 29.55 W,Vinter station,55.0,-0.302,2.7705,33.5309,1027.2003,4.67,0.556,0.0,Seabird SBE19plus
2018-05-21,43241,69Â° 14.81 N,53Â° 29.55 W,Vinter station,56.0,-0.302,2.7706,33.5318,1027.2059,5.46,0.549,0.0,Seabird SBE19plus
2018-05-21,43241,69Â° 14.81 N,53Â° 29.55 W,Vinter station,57.0,-0.303,2.7706,33.5323,1027.2112,5.75,0.57,0.0,Seabird SBE19plus
2018-05-21,43241,69Â° 14.81 N,53Â° 29.55 W,Vinter station,58.0,-0.303,2.7706,33.5321,1027.2159,4.76,0.567,0.0,Seabird SBE19plus
2018-05-21,43241,69Â° 14.81 N,53Â° 29.55 W,Vinter station,59.0,-0.302,2.7714,33.5406,1027.2275,5.85,0.59,0.0,Seabird SBE19plus
2018-05-21,43241,69Â° 14.81 N,53Â° 29.55 W,Vinter station,60.0,-0.287,2.7755,33.5794,1027.2629,4.35,0.564,0.0,Seabird SBE19plus
2018-05-21,43241,69Â° 14.81 N,53Â° 29.55 W,Vinter station,61.0,-0.225,2.782,33.5955,1027.2778,5.38,0.629,0.0,Seabird SBE19plus
2018-05-21,43241,69Â° 14.81 N,53Â° 29.55 W,Vinter station,62.0,-0.17,2.7837,33.5572,1027.2491,5.17,0.607,0.0,Seabird SBE19plus
2018-05-21,43241,69Â° 14.81 N,53Â° 29.55 W,Vinter station,63.0,-0.135,2.7879,33.5745,1027.2661,5.41,0.626,0.0,Seabird SBE19plus
2018-05-21,43241,69Â° 14.81 N,53Â° 29.55 W,Vinter station,64.0,-0.123,2.7889,33.5734,1027.2694,6.11,0.632,0.0,Seabird SBE19plus
2018-05-21,43241,69Â° 14.81 N,53Â° 29.55 W,Vinter station,65.0,-0.084,2.7931,33.5868,1027.2831,5.47,0.629,0.0,Seabird SBE19plus
2018-05-21,43241,69Â° 14.81 N,53Â° 29.55 W,Vinter station,66.0,-0.046,2.7981,33.6095,1027.3043,4.34,0.636,0.0,Seabird SBE19plus
2019-07-22,43653,69Â° 11.1 N,53Â° 31.1 W,Fast station,58.0,1.233,2.9079,33.6513,1027.2235,3.2,0.097,0.0,Seabird SBE19plus
2019-07-22,43653,69Â° 11.1 N,53Â° 31.1 W,Fast station,59.0,1.282,2.911,33.6371,1027.2136,4.1,0.083,0.0,Seabird SBE19plus
2019-07-22,43653,69Â° 11.1 N,53Â° 31.1 W,Fast station,60.0,1.326,2.9147,33.6364,1027.2147,3.97,0.116,0.0,Seabird SBE19plus
2019-07-22,43653,69Â° 11.1 N,53Â° 31.1 W,Fast station,61.0,1.358,2.9177,33.6405,1027.2206,3.46,0.089,0.0,Seabird SBE19plus
2019-07-22,43653,69Â° 11.1 N,53Â° 31.1 W,Fast station,62.0,1.368,2.9196,33.6517,1027.2337,3.35,0.166,0.0,Seabird SBE19plus
2019-07-22,43653,69Â° 11.1 N,53Â° 31.1 W,Fast station,63.0,1.374,2.9194,33.6431,1027.2311,4.07,0.122,0.0,Seabird SBE19plus
2019-07-22,43653,69Â° 11.1 N,53Â° 31.1 W,Fast station,64.0,1.369,2.9195,33.6492,1027.2411,3.65,0.092,0.0,Seabird SBE19plus
2019-07-22,43653,69Â° 11.1 N,53Â° 31.1 W,Fast station,65.0,1.365,2.9194,33.6511,1027.2477,3.64,0.09,0.0,Seabird SBE19plus
2019-07-22,43653,69Â° 11.1 N,53Â° 31.1 W,Fast station,66.0,1.358,2.9189,33.6515,1027.2533,4.05,0.107,0.0,Seabird SBE19plus
2019-07-22,43653,69Â° 11.1 N,53Â° 31.1 W,Fast station,67.0,1.332,2.9165,33.6487,1027.2577,3.72,0.11,0.0,Seabird SBE19plus
2019-07-22,43653,69Â° 11.1 N,53Â° 31.1 W,Fast station,68.0,1.284,2.914,33.6673,1027.2807,3.46,0.103,0.0,Seabird SBE19plus
2019-07-22,43653,69Â° 11.1 N,53Â° 31.1 W,Fast station,69.0,1.263,2.9119,33.6633,1027.2838,3.57,0.09,0.0,Seabird SBE19plus
2019-07-22,43653,69Â° 11.1 N,53Â° 31.1 W,Fast station,70.0,1.237,2.91,33.6669,1027.2931,3.49,0.087,0.0,Seabird SBE19plus
2019-07-22,43653,69Â° 11.1 N,53Â° 31.1 W,Fast station,71.0,1.215,2.9092,33.6788,1027.309,3.77,0.112,0.0,Seabird SBE19plus
2020-09-26,44100,69Â° 11.1 N,53Â° 31.1 W,Fast station,77.0,3.143,3.0757,33.7036,1027.2019,0.13,2.186,0.0,Seabird SBE19plus
2020-09-26,44100,69Â° 11.1 N,53Â° 31.1 W,Fast station,78.0,3.069,3.0719,33.7351,1027.2386,0.12,2.004,0.0,Seabird SBE19plus
2020-09-26,44100,69Â° 11.1 N,53Â° 31.1 W,Fast station,79.0,3.043,3.0714,33.755,1027.2616,0.1,1.677,0.0,Seabird SBE19plus
2020-09-26,44100,69Â° 11.1 N,53Â° 31.1 W,Fast station,80.0,3.042,3.0713,33.7551,1027.2666,0.12,1.589,0.0,Seabird SBE19plus
2020-09-26,44100,69Â° 11.1 N,53Â° 31.1 W,Fast station,81.0,3.037,3.0709,33.7532,1027.2702,0.11,1.498,0.0,Seabird SBE19plus
2020-09-26,44100,69Â° 11.1 N,53Â° 31.1 W,Fast station,82.0,3.022,3.0698,33.756,1027.2785,0.11,1.482,0.0,Seabird SBE19plus
2020-09-26,44100,69Â° 11.1 N,53Â° 31.1 W,Fast station,83.0,3.01,3.069,33.7585,1027.2864,0.11,1.472,0.0,Seabird SBE19plus
2020-09-26,44100,69Â° 11.1 N,53Â° 31.1 W,Fast station,84.0,2.998,3.068,33.7576,1027.2914,0.1,1.522,0.0,Seabird SBE19plus
2020-09-26,44100,69Â° 11.1 N,53Â° 31.1 W,Fast station,85.0,2.971,3.0655,33.755,1027.2966,0.1,1.444,0.0,Seabird SBE19plus
2018-03-07,43166,69Â° 13.81 N,53Â° 31.25 W,Halvvejs,53.0,-1.057,2.7065,33.5073,1027.2029,0.09,0.142,0.9,Seabird SBE19plus
2018-03-07,43166,69Â° 13.81 N,53Â° 31.25 W,Halvvejs,56.0,-0.955,2.7144,33.4993,1027.2072,0.08,0.13,0.74,Seabird SBE19plus
2018-03-07,43166,69Â° 13.81 N,53Â° 31.25 W,Halvvejs,57.0,-0.936,2.7159,33.4979,1027.2102,0.09,0.136,0.7,Seabird SBE19plus
2018-03-07,43166,69Â° 13.81 N,53Â° 31.25 W,Halvvejs,58.0,-0.931,2.7163,33.497,1027.2141,0.09,0.147,0.67,Seabird SBE19plus
2018-03-07,43166,69Â° 13.81 N,53Â° 31.25 W,Halvvejs,59.0,-0.928,2.7167,33.4989,1027.2205,0.08,0.157,0.63,Seabird SBE19plus
2018-03-07,43166,69Â° 13.81 N,53Â° 31.25 W,Halvvejs,60.0,-0.909,2.7188,33.5045,1027.2291,0.08,0.147,0.59,Seabird SBE19plus
2018-03-07,43166,69Â° 13.81 N,53Â° 31.25 W,Halvvejs,61.0,-0.895,2.7212,33.5208,1027.2466,0.08,0.14,0.56,Seabird SBE19plus
2018-03-07,43166,69Â° 13.81 N,53Â° 31.25 W,Halvvejs,62.0,-0.796,2.73,33.5301,1027.255,0.08,0.14,0.53,Seabird SBE19plus
2018-03-07,43166,69Â° 13.81 N,53Â° 31.25 W,Halvvejs,63.0,-0.747,2.7327,33.5112,1027.2426,0.09,0.135,0.5,Seabird SBE19plus
2018-03-07,43166,69Â° 13.81 N,53Â° 31.25 W,Halvvejs,64.0,-0.77,2.7307,33.5092,1027.2468,0.08,0.157,0.47,Seabird SBE19plus
2018-03-07,43166,69Â° 13.81 N,53Â° 31.25 W,Halvvejs,65.0,-0.795,2.728,33.4999,1027.2451,0.09,0.14,0.45,Seabird SBE19plus
2018-03-07,43166,69Â° 13.81 N,53Â° 31.25 W,Halvvejs,66.0,-0.87,2.7216,33.4966,1027.2502,0.08,0.158,0.42,Seabird SBE19plus
2018-03-07,43166,69Â° 13.81 N,53Â° 31.25 W,Halvvejs,67.0,-0.886,2.7217,33.5153,1027.2708,0.08,0.175,0.39,Seabird SBE19plus
2018-03-07,43166,69Â° 13.81 N,53Â° 31.25 W,Halvvejs,68.0,-0.948,2.7148,33.4894,1027.2571,0.1,0.163,0.37,Seabird SBE19plus
2018-03-07,43166,69Â° 13.81 N,53Â° 31.25 W,Halvvejs,69.0,-0.975,2.7144,33.5137,1027.2827,0.1,0.14,0.35,Seabird SBE19plus
2018-03-07,43166,69Â° 13.81 N,53Â° 31.25 W,Halvvejs,70.0,-0.95,2.717,33.5203,1027.2919,0.09,0.152,0.33,Seabird SBE19plus
2018-03-07,43166,69Â° 13.81 N,53Â° 31.25 W,Halvvejs,71.0,-0.847,2.7265,33.5341,1027.304,0.09,0.146,0.31,Seabird SBE19plus
2018-03-07,43166,69Â° 13.81 N,53Â° 31.25 W,Halvvejs,72.0,-0.807,2.7284,33.5147,1027.2914,0.08,0.136,0.29,Seabird SBE19plus
2018-03-07,43166,69Â° 13.81 N,53Â° 31.25 W,Halvvejs,73.0,-0.82,2.7277,33.5189,1027.3002,0.09,0.17,0.27,Seabird SBE19plus
2018-03-07,43166,69Â° 13.81 N,53Â° 31.25 W,Halvvejs,74.0,-0.847,2.7253,33.5163,1027.3041,0.08,0.156,0.25,Seabird SBE19plus
2018-03-07,43166,69Â° 13.81 N,53Â° 31.25 W,Halvvejs,76.0,-0.775,2.7312,33.514,1027.309,0.09,0.146,0.22,Seabird SBE19plus
2022-03-30,44650,69Â° 14'.46 N,53Â° 28.46 W,Vinter station,37.0,-1.68,,33.5814,1027.2042,0.37,,,AML 6
2022-03-30,44650,69Â° 14'.46 N,53Â° 28.46 W,Vinter station,38.0,-1.67,,33.5808,1027.2083,0.35,,,AML 6
2022-03-30,44650,69Â° 14'.46 N,53Â° 28.46 W,Vinter station,39.0,-1.67,,33.5817,1027.2137,0.35,,,AML 6
2022-03-30,44650,69Â° 14'.46 N,53Â° 28.46 W,Vinter station,40.0,-1.66,,33.5821,1027.2187,0.36,,,AML 6
2022-03-30,44650,69Â° 14'.46 N,53Â° 28.46 W,Vinter station,41.0,-1.66,,33.5831,1027.224,0.34,,,AML 6
2022-03-30,44650,69Â° 14'.46 N,53Â° 28.46 W,Vinter station,42.0,-1.65,,33.5812,1027.2274,0.38,,,AML 6
2022-03-30,44650,69Â° 14'.46 N,53Â° 28.46 W,Vinter station,43.0,-1.66,,33.5809,1027.2321,0.35,,,AML 6
2022-03-30,44650,69Â° 14'.46 N,53Â° 28.46 W,Vinter station,44.0,-1.65,,33.5809,1027.2368,0.36,,,AML 6
2022-03-30,44650,69Â° 14'.46 N,53Â° 28.46 W,Vinter station,45.0,-1.66,,33.5773,1027.2388,0.35,,,AML 6
2022-03-30,44650,69Â° 14'.46 N,53Â° 28.46 W,Vinter station,46.0,-1.66,,33.582,1027.2475,0.33,,,AML 6
2022-03-30,44650,69Â° 14'.46 N,53Â° 28.46 W,Vinter station,47.0,-1.65,,33.5823,1027.2525,0.32,,,AML 6
2022-03-30,44650,69Â° 14'.46 N,53Â° 28.46 W,Vinter station,48.0,-1.65,,33.5834,1027.2581,0.31,,,AML 6
2022-03-30,44650,69Â° 14'.46 N,53Â° 28.46 W,Vinter station,49.0,-1.64,,33.5824,1027.2622,0.34,,,AML 6
2022-03-30,44650,69Â° 14'.46 N,53Â° 28.46 W,Vinter station,50.0,-1.64,,33.5824,1027.2667,0.33,,,AML 6
2022-03-30,44650,69Â° 14'.46 N,53Â° 28.46 W,Vinter station,51.0,-1.64,,33.5811,1027.2706,0.33,,,AML 6
2022-03-30,44650,69Â° 14'.46 N,53Â° 28.46 W,Vinter station,52.0,-1.65,,33.582,1027.2763,0.32,,,AML 6
2022-03-30,44650,69Â° 14'.46 N,53Â° 28.46 W,Vinter station,53.0,-1.65,,33.5818,1027.2812,0.36,,,AML 6
2022-03-30,44650,69Â° 14'.46 N,53Â° 28.46 W,Vinter station,54.0,-1.65,,33.5805,1027.2848,0.34,,,AML 6
2022-03-30,44650,69Â° 14'.46 N,53Â° 28.46 W,Vinter station,55.0,-1.66,,33.5794,1027.289,0.33,,,AML 6
2022-03-30,44650,69Â° 14'.46 N,53Â° 28.46 W,Vinter station,56.0,-1.67,,33.5795,1027.2945,0.32,,,AML 6
2022-03-30,44650,69Â° 14'.46 N,53Â° 28.46 W,Vinter station,57.0,-1.67,,33.5796,1027.2993,0.34,,,AML 6
2022-03-30,44650,69Â° 14'.46 N,53Â° 28.46 W,Vinter station,58.0,-1.67,,33.5815,1027.3056,0.33,,,AML 6
2022-04-08,44659,69Â° 14'.46 N,53Â° 28.46 W,Vinter station,63.0,-1.558,2.6602,33.427,1027.2028,,2.615,0.06,Seabird SBE19plus
2022-04-08,44659,69Â° 14'.46 N,53Â° 28.46 W,Vinter station,64.0,-1.558,2.6604,33.4277,1027.2082,,2.664,0.05,Seabird SBE19plus
2022-04-08,44659,69Â° 14'.46 N,53Â° 28.46 W,Vinter station,65.0,-1.555,2.6607,33.4294,1027.2143,,2.362,0.05,Seabird SBE19plus
2022-04-08,44659,69Â° 14'.46 N,53Â° 28.46 W,Vinter station,66.0,-1.55,2.6612,33.4289,1027.2187,,2.415,0.05,Seabird SBE19plus
2022-04-08,44659,69Â° 14'.46 N,53Â° 28.46 W,Vinter station,67.0,-1.548,2.6614,33.4299,1027.2243,,2.377,0.05,Seabird SBE19plus
2022-04-08,44659,69Â° 14'.46 N,53Â° 28.46 W,Vinter station,68.0,-1.546,2.6617,33.4296,1027.2288,,2.401,0.05,Seabird SBE19plus
2022-04-08,44659,69Â° 14'.46 N,53Â° 28.46 W,Vinter station,69.0,-1.543,2.6619,33.4295,1027.2336,,2.47,0.04,Seabird SBE19plus
2022-04-08,44659,69Â° 14'.46 N,53Â° 28.46 W,Vinter station,70.0,-1.544,2.6618,33.4292,1027.2382,,2.406,0.04,Seabird SBE19plus
2022-04-08,44659,69Â° 14'.46 N,53Â° 28.46 W,Vinter station,71.0,-1.543,2.6621,33.4307,1027.2443,,2.352,0.04,Seabird SBE19plus
2022-04-08,44659,69Â° 14'.46 N,53Â° 28.46 W,Vinter station,72.0,-1.539,2.6626,33.4323,1027.2503,,2.319,0.04,Seabird SBE19plus
2022-04-08,44659,69Â° 14'.46 N,53Â° 28.46 W,Vinter station,73.0,-1.536,2.6628,33.4319,1027.2547,,2.286,0.04,Seabird SBE19plus
2022-04-08,44659,69Â° 14'.46 N,53Â° 28.46 W,Vinter station,74.0,-1.535,2.663,33.4333,1027.2607,,2.238,0.04,Seabird SBE19plus
2022-04-08,44659,69Â° 14'.46 N,53Â° 28.46 W,Vinter station,75.0,-1.533,2.6632,33.4321,1027.2646,,2.136,0.03,Seabird SBE19plus
2022-04-08,44659,69Â° 14'.46 N,53Â° 28.46 W,Vinter station,76.0,-1.533,2.6633,33.4329,1027.2701,,2.144,0.03,Seabird SBE19plus
2022-04-08,44659,69Â° 14'.46 N,53Â° 28.46 W,Vinter station,77.0,-1.536,2.6629,33.429,1027.2719,,2.156,0.03,Seabird SBE19plus
2022-04-08,44659,69Â° 14'.46 N,53Â° 28.46 W,Vinter station,78.0,-1.544,2.6625,33.432,1027.2794,,2.21,0.03,Seabird SBE19plus
2022-04-08,44659,69Â° 14'.46 N,53Â° 28.46 W,Vinter station,79.0,-1.544,2.6625,33.4315,1027.2839,,2.229,0.02,Seabird SBE19plus
2022-04-08,44659,69Â° 14'.46 N,53Â° 28.46 W,Vinter station,80.0,-1.544,2.6626,33.4324,1027.2895,,2.238,0.02,Seabird SBE19plus
2022-04-08,44659,69Â° 14'.46 N,53Â° 28.46 W,Vinter station,81.0,-1.544,2.6625,33.4317,1027.2938,,2.23,0.02,Seabird SBE19plus
2022-04-08,44659,69Â° 14'.46 N,53Â° 28.46 W,Vinter station,82.0,-1.545,2.6626,33.4321,1027.2991,,2.208,0.02,Seabird SBE19plus
2022-04-08,44659,69Â° 14'.46 N,53Â° 28.46 W,Vinter station,83.0,-1.542,2.6629,33.4328,1027.3044,,2.219,0.02,Seabird SBE19plus
2018-08-08,43320,69Â° 11.1 N,53Â° 31.1 W,Fast station,72.0,0.125,2.8011,33.4589,1027.2029,0.12,0.29,0.0,Seabird SBE19plus
2018-08-08,43320,69Â° 11.1 N,53Â° 31.1 W,Fast station,73.0,0.115,2.8019,33.4796,1027.225,0.12,0.294,0.0,Seabird SBE19plus
2018-08-08,43320,69Â° 11.1 N,53Â° 31.1 W,Fast station,74.0,0.136,2.8053,33.5003,1027.2453,0.13,0.285,0.0,Seabird SBE19plus
2018-08-08,43320,69Â° 11.1 N,53Â° 31.1 W,Fast station,75.0,0.169,2.8064,33.4783,1027.2307,0.14,0.339,0.0,Seabird SBE19plus
2018-08-08,43320,69Â° 11.1 N,53Â° 31.1 W,Fast station,76.0,0.164,2.8067,33.4878,1027.2434,0.13,0.337,0.0,Seabird SBE19plus
2018-08-08,43320,69Â° 11.1 N,53Â° 31.1 W,Fast station,77.0,0.164,2.8067,33.487,1027.2475,0.14,0.334,0.0,Seabird SBE19plus
2018-08-08,43320,69Â° 11.1 N,53Â° 31.1 W,Fast station,78.0,0.165,2.8068,33.4864,1027.2518,0.16,0.29,0.0,Seabird SBE19plus
2018-08-08,43320,69Â° 11.1 N,53Â° 31.1 W,Fast station,79.0,0.099,2.8006,33.4753,1027.2512,0.13,0.388,0.0,Seabird SBE19plus
2018-08-08,43320,69Â° 11.1 N,53Â° 31.1 W,Fast station,80.0,0.057,2.7967,33.4708,1027.2547,0.1,0.343,0.0,Seabird SBE19plus
2018-08-08,43320,69Â° 11.1 N,53Â° 31.1 W,Fast station,81.0,0.015,2.7959,33.5056,1027.2898,0.1,0.273,0.0,Seabird SBE19plus
2018-08-08,43320,69Â° 11.1 N,53Â° 31.1 W,Fast station,82.0,0.013,2.797,33.5203,1027.3065,0.1,0.269,0.0,Seabird SBE19plus
2018-02-27,43158,69Â° 13.81 N,53Â° 54.51 W,Vinter station,63.0,-1.6056,2.656308,33.4259,1027.2033,0.07,0.134,0.96,Seabird SBE19plus
2018-02-27,43158,69Â° 13.81 N,53Â° 54.51 W,Vinter station,64.0,-1.6107,2.655842,33.4246,1027.2072,0.07,0.135,0.89,Seabird SBE19plus
2018-02-27,43158,69Â° 13.81 N,53Â° 54.51 W,Vinter station,65.0,-1.6193,2.655319,33.4264,1027.2138,0.07,0.124,0.82,Seabird SBE19plus
2018-02-27,43158,69Â° 13.81 N,53Â° 54.51 W,Vinter station,66.0,-1.6198,2.655334,33.4266,1027.2188,0.07,0.141,0.76,Seabird SBE19plus
2018-02-27,43158,69Â° 13.81 N,53Â° 54.51 W,Vinter station,67.0,-1.6198,2.655382,33.4266,1027.2237,0.08,0.129,0.72,Seabird SBE19plus
2018-02-27,43158,69Â° 13.81 N,53Â° 54.51 W,Vinter station,68.0,-1.62,2.655402,33.4264,1027.2284,0.07,0.142,0.66,Seabird SBE19plus
2018-02-27,43158,69Â° 13.81 N,53Â° 54.51 W,Vinter station,69.0,-1.6199,2.655507,33.4272,1027.2339,0.08,0.133,0.61,Seabird SBE19plus
2018-02-27,43158,69Â° 13.81 N,53Â° 54.51 W,Vinter station,70.0,-1.6179,2.65572,33.4272,1027.2388,0.08,0.134,0.57,Seabird SBE19plus
2018-02-27,43158,69Â° 13.81 N,53Â° 54.51 W,Vinter station,71.0,-1.6169,2.655849,33.4272,1027.2436,0.07,0.119,0.53,Seabird SBE19plus
2018-02-27,43158,69Â° 13.81 N,53Â° 54.51 W,Vinter station,72.0,-1.6177,2.655801,33.4269,1027.2482,0.08,0.116,0.5,Seabird SBE19plus
2018-02-27,43158,69Â° 13.81 N,53Â° 54.51 W,Vinter station,73.0,-1.6188,2.655837,33.4279,1027.2539,0.07,0.131,0.46,Seabird SBE19plus
2018-02-27,43158,69Â° 13.81 N,53Â° 54.51 W,Vinter station,74.0,-1.6177,2.656011,33.4285,1027.2593,0.08,0.133,0.43,Seabird SBE19plus
2018-02-27,43158,69Â° 13.81 N,53Â° 54.51 W,Vinter station,75.0,-1.6178,2.656053,33.4286,1027.2642,0.08,0.126,0.4,Seabird SBE19plus
2018-02-27,43158,69Â° 13.81 N,53Â° 54.51 W,Vinter station,76.0,-1.5961,2.658792,33.4415,1027.2789,0.07,0.137,0.37,Seabird SBE19plus
2018-02-27,43158,69Â° 13.81 N,53Â° 54.51 W,Vinter station,77.0,-1.5284,2.665557,33.4582,1027.2954,0.07,0.127,0.34,Seabird SBE19plus
2018-02-27,43158,69Â° 13.81 N,53Â° 54.51 W,Vinter station,78.0,-1.357,2.680168,33.4667,1027.3017,0.08,0.117,0.31,Seabird SBE19plus
2018-02-27,43158,69Â° 13.81 N,53Â° 54.51 W,Vinter station,79.0,-1.1956,2.692959,33.4609,1027.2964,0.07,0.141,0.29,Seabird SBE19plus
2018-02-27,43158,69Â° 13.81 N,53Â° 54.51 W,Vinter station,80.0,-1.1404,2.697375,33.459,1027.2979,0.06,0.151,0.27,Seabird SBE19plus
2018-02-27,43158,69Â° 13.81 N,53Â° 54.51 W,Vinter station,81.0,-1.0615,2.704182,33.4633,1027.3033,0.08,0.129,0.25,Seabird SBE19plus
2018-02-27,43158,69Â° 13.81 N,53Â° 54.51 W,Vinter station,82.0,-1.0774,2.701278,33.4407,1027.2905,0.07,0.147,0.22,Seabird SBE19plus
2018-02-27,43158,69Â° 13.81 N,53Â° 54.51 W,Vinter station,83.0,-1.1558,2.695838,33.4533,1027.3083,0.07,0.143,0.21,Seabird SBE19plus
2022-07-27,44769,69Â° 11.1 N,53Â° 31.1 W,Fast station,66.0,0.4578,2.833085,33.5189,1027.204,0.15,0.311,0.01,Seabird SBE19plus
2022-07-27,44769,69Â° 11.1 N,53Â° 31.1 W,Fast station,67.0,0.4592,2.833231,33.5188,1027.2087,0.14,0.27,0.0,Seabird SBE19plus
2022-07-27,44769,69Â° 11.1 N,53Â° 31.1 W,Fast station,68.0,0.4608,2.833484,33.5198,1027.2141,0.15,0.28,0.0,Seabird SBE19plus
2022-07-27,44769,69Â° 11.1 N,53Â° 31.1 W,Fast station,69.0,0.4655,2.83423,33.5237,1027.2219,0.15,0.274,0.0,Seabird SBE19plus
2022-07-27,44769,69Â° 11.1 N,53Â° 31.1 W,Fast station,70.0,0.4795,2.835506,33.5246,1027.2266,0.14,0.285,0.0,Seabird SBE19plus
2022-07-27,44769,69Â° 11.1 N,53Â° 31.1 W,Fast station,71.0,0.4785,2.835364,33.5233,1027.2304,0.14,0.273,0.0,Seabird SBE19plus
2022-07-27,44769,69Â° 11.1 N,53Â° 31.1 W,Fast station,72.0,0.4691,2.83473,33.5246,1027.2368,0.14,0.291,0.0,Seabird SBE19plus
2022-07-27,44769,69Â° 11.1 N,53Â° 31.1 W,Fast station,73.0,0.472,2.835127,33.5261,1027.2426,0.14,0.277,0.0,Seabird SBE19plus
2022-07-27,44769,69Â° 11.1 N,53Â° 31.1 W,Fast station,74.0,0.4757,2.836019,33.533,1027.2528,0.13,0.293,0.0,Seabird SBE19plus
2022-07-27,44769,69Â° 11.1 N,53Â° 31.1 W,Fast station,75.0,0.4881,2.837542,33.5388,1027.2616,0.13,0.313,0.0,Seabird SBE19plus
2022-07-27,44769,69Â° 11.1 N,53Â° 31.1 W,Fast station,76.0,0.4878,2.838475,33.5507,1027.276,0.14,0.318,0.0,Seabird SBE19plus
2022-07-27,44769,69Â° 11.1 N,53Â° 31.1 W,Fast station,77.0,0.5253,2.841807,33.5527,1027.2802,0.14,0.322,0.0,Seabird SBE19plus
2022-07-27,44769,69Â° 11.1 N,53Â° 31.1 W,Fast station,78.0,0.4962,2.839048,33.5479,1027.2828,0.14,0.28,0.0,Seabird SBE19plus
2022-07-27,44769,69Â° 11.1 N,53Â° 31.1 W,Fast station,79.0,0.5135,2.841638,33.5622,1027.2981,0.14,0.289,0.0,Seabird SBE19plus
2022-07-27,44769,69Â° 11.1 N,53Â° 31.1 W,Fast station,80.0,0.5608,2.846033,33.5675,1027.3044,0.13,0.31,0.0,Seabird SBE19plus
2022-07-27,44769,69Â° 11.1 N,53Â° 31.1 W,Fast station,81.0,0.58,2.847671,33.5673,1027.3079,0.13,0.263,0.0,Seabird SBE19plus
2018-03-21,43180,69Â° 14.81 N,53Â° 29.55 W,Vinter station,61.0,-1.437,2.6712,33.4439,1027.2031,0.08,0.136,0.3,Seabird SBE19plus
2018-03-21,43180,69Â° 14.81 N,53Â° 29.55 W,Vinter station,62.0,-1.437,2.6713,33.4448,1027.2087,0.07,0.162,0.29,Seabird SBE19plus
2018-03-21,43180,69Â° 14.81 N,53Â° 29.55 W,Vinter station,63.0,-1.436,2.6715,33.4454,1027.2141,0.07,0.142,0.28,Seabird SBE19plus
2018-03-21,43180,69Â° 14.81 N,53Â° 29.55 W,Vinter station,64.0,-1.434,2.6718,33.4466,1027.2198,0.07,0.153,0.26,Seabird SBE19plus
2018-03-21,43180,69Â° 14.81 N,53Â° 29.55 W,Vinter station,65.0,-1.425,2.6733,33.4565,1027.2324,0.07,0.146,0.25,Seabird SBE19plus
2018-03-21,43180,69Â° 14.81 N,53Â° 29.55 W,Vinter station,66.0,-1.408,2.6745,33.4528,1027.2338,0.06,0.173,0.23,Seabird SBE19plus
2018-03-21,43180,69Â° 14.81 N,53Â° 29.55 W,Vinter station,67.0,-1.408,2.6743,33.4499,1027.2362,0.08,0.168,0.22,Seabird SBE19plus
2018-03-21,43180,69Â° 14.81 N,53Â° 29.55 W,Vinter station,68.0,-1.406,2.6746,33.4516,1027.2425,0.08,0.164,0.22,Seabird SBE19plus
2018-03-21,43180,69Â° 14.81 N,53Â° 29.55 W,Vinter station,69.0,-1.402,2.6759,33.4636,1027.2569,0.07,0.158,0.21,Seabird SBE19plus
2018-03-21,43180,69Â° 14.81 N,53Â° 29.55 W,Vinter station,70.0,-1.365,2.6785,33.458,1027.256,0.07,0.143,0.19,Seabird SBE19plus
2018-03-21,43180,69Â° 14.81 N,53Â° 29.55 W,Vinter station,71.0,-1.351,2.6797,33.4579,1027.2604,0.07,0.154,0.18,Seabird SBE19plus
2018-03-21,43180,69Â° 14.81 N,53Â° 29.55 W,Vinter station,72.0,-1.341,2.6815,33.4711,1027.2757,0.07,0.16,0.17,Seabird SBE19plus
2018-03-21,43180,69Â° 14.81 N,53Â° 29.55 W,Vinter station,73.0,-1.289,2.6856,33.4683,1027.2765,0.07,0.147,0.16,Seabird SBE19plus
2018-03-21,43180,69Â° 14.81 N,53Â° 29.55 W,Vinter station,74.0,-1.271,2.6866,33.4616,1027.2753,0.07,0.145,0.15,Seabird SBE19plus
2018-03-21,43180,69Â° 14.81 N,53Â° 29.55 W,Vinter station,75.0,-1.253,2.6888,33.4701,1027.2865,0.07,0.153,0.15,Seabird SBE19plus
2018-03-21,43180,69Â° 14.81 N,53Â° 29.55 W,Vinter station,76.0,-1.201,2.6948,33.4938,1027.3088,0.07,0.155,0.15,Seabird SBE19plus
2018-03-21,43180,69Â° 14.81 N,53Â° 29.55 W,Vinter station,77.0,-1.17,2.6958,33.4712,1027.2942,0.07,0.157,0.14,Seabird SBE19plus
2018-03-21,43180,69Â° 14.81 N,53Â° 29.55 W,Vinter station,78.0,-1.156,2.697,33.4728,1027.2999,0.06,0.164,0.14,Seabird SBE19plus
2018-03-21,43180,69Â° 14.81 N,53Â° 29.55 W,Vinter station,79.0,-1.152,2.6973,33.472,1027.3039,0.06,0.128,0.13,Seabird SBE19plus
2018-03-21,43180,69Â° 14.81 N,53Â° 29.55 W,Vinter station,80.0,-1.172,2.695,33.4618,1027.3012,0.07,0.123,0.13,Seabird SBE19plus
2021-10-26,44495,69Â° 11.1 N,53Â° 31.1 W,Fast station,104.0,2.166,2.9723,33.4429,1027.2067,0.15,0.43,0.0,Seabird SBE19plus
2021-10-26,44495,69Â° 11.1 N,53Â° 31.1 W,Fast station,105.0,2.139,2.9701,33.4436,1027.2141,0.13,0.414,0.0,Seabird SBE19plus
2021-10-26,44495,69Â° 11.1 N,53Â° 31.1 W,Fast station,106.0,2.121,2.9699,33.4587,1027.2324,0.16,0.402,0.0,Seabird SBE19plus
2021-10-26,44495,69Â° 11.1 N,53Â° 31.1 W,Fast station,107.0,2.114,2.9703,33.4716,1027.2481,0.16,0.482,0.0,Seabird SBE19plus
2021-10-26,44495,69Â° 11.1 N,53Â° 31.1 W,Fast station,108.0,2.11,2.9703,33.4757,1027.2563,0.16,0.401,0.0,Seabird SBE19plus
2021-10-26,44495,69Â° 11.1 N,53Â° 31.1 W,Fast station,109.0,2.098,2.97,33.4829,1027.2679,0.16,0.443,0.0,Seabird SBE19plus
2021-10-26,44495,69Â° 11.1 N,53Â° 31.1 W,Fast station,110.0,2.085,2.9698,33.4939,1027.2826,0.17,0.438,0.0,Seabird SBE19plus
2021-10-26,44495,69Â° 11.1 N,53Â° 31.1 W,Fast station,111.0,2.079,2.9697,33.498,1027.2909,0.16,0.47,0.0,Seabird SBE19plus
2021-10-26,44495,69Â° 11.1 N,53Â° 31.1 W,Fast station,112.0,2.075,2.9696,33.5007,1027.2982,0.16,0.495,0.0,Seabird SBE19plus
2021-10-26,44495,69Â° 11.1 N,53Â° 31.1 W,Fast station,113.0,2.073,2.9696,33.5015,1027.3037,0.16,0.475,0.0,Seabird SBE19plus
2019-11-27,43796,69Â° 11.1 N,53Â° 31.1 W,Fast station,116.0,2.725,3.0187,33.4237,1027.2013,0.22,0.047,0.0,Seabird SBE19plus
2019-11-27,43796,69Â° 11.1 N,53Â° 31.1 W,Fast station,117.0,2.716,3.0185,33.43,1027.2117,0.33,0.064,0.0,Seabird SBE19plus
2019-11-27,43796,69Â° 11.1 N,53Â° 31.1 W,Fast station,118.0,2.705,3.0184,33.4397,1027.2252,0.23,0.061,0.0,Seabird SBE19plus
2019-11-27,43796,69Â° 11.1 N,53Â° 31.1 W,Fast station,119.0,2.684,3.0187,33.4647,1027.2517,0.23,0.056,0.0,Seabird SBE19plus
2019-11-27,43796,69Â° 11.1 N,53Â° 31.1 W,Fast station,120.0,2.678,3.0185,33.4679,1027.2595,0.21,0.045,0.0,Seabird SBE19plus
2019-11-27,43796,69Â° 11.1 N,53Â° 31.1 W,Fast station,121.0,2.674,3.0192,33.4801,1027.2744,0.22,0.064,0.0,Seabird SBE19plus
2019-11-27,43796,69Â° 11.1 N,53Â° 31.1 W,Fast station,122.0,2.691,3.0216,33.4911,1027.2864,0.24,0.033,0.0,Seabird SBE19plus
2019-11-27,43796,69Â° 11.1 N,53Â° 31.1 W,Fast station,124.0,2.866,3.0386,33.5148,1027.2992,0.28,0.07,0.0,Seabird SBE19plus
2022-08-18,44791,69Â° 11.1 N,53Â° 31.1 W,Fast station,70.0,-0.3342,2.763162,33.46,1027.217,0.1,0.145,0.05,Seabird SBE19plus
2022-08-18,44791,69Â° 11.1 N,53Â° 31.1 W,Fast station,71.0,-0.3857,2.759418,33.466,1027.2291,0.1,0.162,0.04,Seabird SBE19plus
2022-08-18,44791,69Â° 11.1 N,53Â° 31.1 W,Fast station,72.0,-0.41,2.757572,33.4676,1027.2363,0.09,0.139,0.04,Seabird SBE19plus
2022-08-18,44791,69Â° 11.1 N,53Â° 31.1 W,Fast station,73.0,-0.4216,2.756569,33.4663,1027.2406,0.09,0.151,0.03,Seabird SBE19plus
2022-08-18,44791,69Â° 11.1 N,53Â° 31.1 W,Fast station,74.0,-0.4178,2.757346,33.4719,1027.2498,0.09,0.139,0.02,Seabird SBE19plus
2022-08-18,44791,69Â° 11.1 N,53Â° 31.1 W,Fast station,75.0,-0.4192,2.756951,33.4675,1027.2512,0.1,0.141,0.02,Seabird SBE19plus
2022-08-18,44791,69Â° 11.1 N,53Â° 31.1 W,Fast station,76.0,-0.4241,2.756751,33.4697,1027.258,0.09,0.143,0.02,Seabird SBE19plus
2022-08-18,44791,69Â° 11.1 N,53Â° 31.1 W,Fast station,77.0,-0.4124,2.757746,33.4694,1027.2621,0.09,0.128,0.01,Seabird SBE19plus
2022-08-18,44791,69Â° 11.1 N,53Â° 31.1 W,Fast station,78.0,-0.4096,2.758133,33.471,1027.268,0.09,0.13,0.01,Seabird SBE19plus
2022-08-18,44791,69Â° 11.1 N,53Â° 31.1 W,Fast station,79.0,-0.4133,2.757717,33.4689,1027.2713,0.08,0.149,0.0,Seabird SBE19plus
2022-08-18,44791,69Â° 11.1 N,53Â° 31.1 W,Fast station,80.0,-0.4413,2.7555,33.4694,1027.2779,0.09,0.118,0.0,Seabird SBE19plus
2022-08-18,44791,69Â° 11.1 N,53Â° 31.1 W,Fast station,81.0,-0.4473,2.755036,33.4693,1027.2829,0.09,0.136,0.0,Seabird SBE19plus
2022-08-18,44791,69Â° 11.1 N,53Â° 31.1 W,Fast station,82.0,-0.4705,2.753316,33.4712,1027.2903,0.09,0.131,0.0,Seabird SBE19plus
2022-08-18,44791,69Â° 11.1 N,53Â° 31.1 W,Fast station,83.0,-0.4847,2.752308,33.4727,1027.297,0.08,0.127,0.0,Seabird SBE19plus
2018-11-14,43418,69Â° 11.1 N,53Â° 31.1 W,Fast station,95.0,1.485,2.9131,33.4254,1027.2016,0.08,0.108,0.0,Seabird SBE19plus
2018-11-14,43418,69Â° 11.1 N,53Â° 31.1 W,Fast station,96.0,1.484,2.9132,33.4273,1027.208,0.07,0.104,0.0,Seabird SBE19plus
2018-11-14,43418,69Â° 11.1 N,53Â° 31.1 W,Fast station,97.0,1.479,2.9133,33.4343,1027.2187,0.07,0.167,0.0,Seabird SBE19plus
2018-11-14,43418,69Â° 11.1 N,53Â° 31.1 W,Fast station,98.0,1.476,2.9135,33.4387,1027.2272,0.08,0.132,0.0,Seabird SBE19plus
2018-11-14,43418,69Â° 11.1 N,53Â° 31.1 W,Fast station,99.0,1.467,2.9137,33.4504,1027.242,0.08,0.104,0.0,Seabird SBE19plus
2018-11-14,43418,69Â° 11.1 N,53Â° 31.1 W,Fast station,100.0,1.455,2.9137,33.4628,1027.2576,0.07,0.119,0.0,Seabird SBE19plus
2018-11-14,43418,69Â° 11.1 N,53Â° 31.1 W,Fast station,101.0,1.452,2.9142,33.4719,1027.2699,0.07,0.139,0.0,Seabird SBE19plus
2018-11-14,43418,69Â° 11.1 N,53Â° 31.1 W,Fast station,102.0,1.456,2.9149,33.476,1027.2777,0.07,0.132,0.0,Seabird SBE19plus
2018-11-14,43418,69Â° 11.1 N,53Â° 31.1 W,Fast station,103.0,1.459,2.9153,33.4769,1027.2828,0.07,0.12,0.0,Seabird SBE19plus
2018-11-14,43418,69Â° 11.1 N,53Â° 31.1 W,Fast station,104.0,1.462,2.9158,33.4802,1027.2902,0.08,0.085,0.0,Seabird SBE19plus
2018-11-14,43418,69Â° 11.1 N,53Â° 31.1 W,Fast station,105.0,1.466,2.9166,33.4848,1027.2983,0.06,0.083,0.0,Seabird SBE19plus
2018-11-14,43418,69Â° 11.1 N,53Â° 31.1 W,Fast station,106.0,1.465,2.9163,33.4813,1027.3004,0.07,0.104,0.0,Seabird SBE19plus
2018-11-14,43418,69Â° 11.1 N,53Â° 31.1 W,Fast station,107.0,1.42,2.9127,33.4828,1027.3095,0.08,0.117,0.0,Seabird SBE19plus
2019-11-28,43797,69Â° 11.1 N,53Â° 31.1 W,Fast station,114.0,2.814,3.0306,33.4774,1027.2267,0.25,0.045,0.0,Seabird SBE19plus
2019-11-28,43797,69Â° 11.1 N,53Â° 31.1 W,Fast station,115.0,2.846,3.0342,33.4875,1027.2366,0.23,0.055,0.0,Seabird SBE19plus
2019-11-28,43797,69Â° 11.1 N,53Â° 31.1 W,Fast station,116.0,2.835,3.0335,33.4895,1027.2439,0.23,0.031,0.0,Seabird SBE19plus
2019-11-28,43797,69Â° 11.1 N,53Â° 31.1 W,Fast station,117.0,2.801,3.0299,33.4815,1027.2453,0.24,0.04,0.0,Seabird SBE19plus
2019-11-28,43797,69Â° 11.1 N,53Â° 31.1 W,Fast station,118.0,2.73,3.0262,33.5085,1027.2778,0.22,0.053,0.0,Seabird SBE19plus
2019-11-28,43797,69Â° 11.1 N,53Â° 31.1 W,Fast station,119.0,2.699,3.0242,33.5168,1027.292,0.21,0.059,0.0,Seabird SBE19plus
2020-04-02,43923,69Â° 13.287 N,53Â° 39.229 W,Vinter station,29.0,-0.095,2.7991,33.6997,1027.2011,0.75,0.304,10.61,Seabird SBE19plus
2020-04-02,43923,69Â° 13.287 N,53Â° 39.229 W,Vinter station,30.0,-0.094,2.7994,33.7007,1027.2067,0.76,0.29,9.73,Seabird SBE19plus
2020-04-02,43923,69Â° 13.287 N,53Â° 39.229 W,Vinter station,31.0,-0.089,2.8001,33.7046,1027.2145,0.73,0.257,8.91,Seabird SBE19plus
2020-04-02,43923,69Â° 13.287 N,53Â° 39.229 W,Vinter station,32.0,-0.077,2.8012,33.7049,1027.2189,0.72,0.306,8.17,Seabird SBE19plus
2020-04-02,43923,69Â° 13.287 N,53Â° 39.229 W,Vinter station,33.0,-0.071,2.8015,33.7034,1027.2222,0.71,0.277,7.5,Seabird SBE19plus
2020-04-02,43923,69Â° 13.287 N,53Â° 39.229 W,Vinter station,34.0,-0.069,2.8018,33.7038,1027.2273,0.77,0.285,6.84,Seabird SBE19plus
2020-04-02,43923,69Â° 13.287 N,53Â° 39.229 W,Vinter station,35.0,-0.062,2.8027,33.7066,1027.234,0.7,0.305,6.29,Seabird SBE19plus
2020-04-02,43923,69Â° 13.287 N,53Â° 39.229 W,Vinter station,36.0,-0.057,2.803,33.7051,1027.2374,0.69,0.293,5.76,Seabird SBE19plus
2020-04-02,43923,69Â° 13.287 N,53Â° 39.229 W,Vinter station,37.0,-0.055,2.8037,33.7111,1027.2469,0.68,0.265,5.25,Seabird SBE19plus
2020-04-02,43923,69Â° 13.287 N,53Â° 39.229 W,Vinter station,38.0,-0.037,2.805,33.7086,1027.2488,0.68,0.273,4.82,Seabird SBE19plus
2020-04-02,43923,69Â° 13.287 N,53Â° 39.229 W,Vinter station,39.0,-0.033,2.8054,33.7088,1027.2536,0.7,0.287,4.42,Seabird SBE19plus
2020-04-02,43923,69Â° 13.287 N,53Â° 39.229 W,Vinter station,40.0,-0.024,2.8066,33.7144,1027.2625,0.7,0.263,4.03,Seabird SBE19plus
2020-04-02,43923,69Â° 13.287 N,53Â° 39.229 W,Vinter station,41.0,-0.002,2.8084,33.7123,1027.2645,0.67,0.306,3.67,Seabird SBE19plus
2020-04-02,43923,69Â° 13.287 N,53Â° 39.229 W,Vinter station,42.0,0.001,2.8084,33.7089,1027.2664,0.73,0.335,3.36,Seabird SBE19plus
2020-04-02,43923,69Â° 13.287 N,53Â° 39.229 W,Vinter station,43.0,0.008,2.8092,33.7117,1027.2732,0.7,0.283,3.1,Seabird SBE19plus
2020-04-02,43923,69Â° 13.287 N,53Â° 39.229 W,Vinter station,44.0,0.007,2.8085,33.703,1027.271,0.72,0.277,2.85,Seabird SBE19plus
2020-04-02,43923,69Â° 13.287 N,53Â° 39.229 W,Vinter station,45.0,-0.001,2.8086,33.7119,1027.2834,0.75,0.278,2.62,Seabird SBE19plus
2020-04-02,43923,69Â° 13.287 N,53Â° 39.229 W,Vinter station,46.0,0.003,2.8092,33.7158,1027.2912,0.68,0.336,2.39,Seabird SBE19plus
2020-04-02,43923,69Â° 13.287 N,53Â° 39.229 W,Vinter station,47.0,0.025,2.8116,33.7227,1027.3004,0.66,0.589,2.23,Seabird SBE19plus
2020-04-02,43923,69Â° 13.287 N,53Â° 39.229 W,Vinter station,48.0,0.04,2.8123,33.7138,1027.2973,0.69,0.881,2.07,Seabird SBE19plus
2018-05-30,43247,69Â° 11.1 N,53Â° 31.1 W,Fast station,46.0,0.222,2.8209,33.6278,1027.2087,3.9,0.428,0.0,Seabird SBE19plus
2018-05-30,43247,69Â° 11.1 N,53Â° 31.1 W,Fast station,47.0,0.224,2.8211,33.6284,1027.2139,3.16,0.395,0.0,Seabird SBE19plus
2018-05-30,43247,69Â° 11.1 N,53Â° 31.1 W,Fast station,48.0,0.226,2.8213,33.6288,1027.2189,4.43,0.427,0.0,Seabird SBE19plus
2018-05-30,43247,69Â° 11.1 N,53Â° 31.1 W,Fast station,49.0,0.227,2.8216,33.6299,1027.2245,4.24,0.389,0.0,Seabird SBE19plus
2018-05-30,43247,69Â° 11.1 N,53Â° 31.1 W,Fast station,50.0,0.228,2.8218,33.6313,1027.2304,3.62,0.414,0.0,Seabird SBE19plus
2018-05-30,43247,69Â° 11.1 N,53Â° 31.1 W,Fast station,51.0,0.231,2.8222,33.6331,1027.2366,4.52,0.373,0.0,Seabird SBE19plus
2018-05-30,43247,69Â° 11.1 N,53Â° 31.1 W,Fast station,52.0,0.233,2.8225,33.6344,1027.2423,3.9,0.438,0.0,Seabird SBE19plus
2018-05-30,43247,69Â° 11.1 N,53Â° 31.1 W,Fast station,53.0,0.236,2.823,33.6369,1027.2489,3.41,0.391,0.0,Seabird SBE19plus
2018-05-30,43247,69Â° 11.1 N,53Â° 31.1 W,Fast station,54.0,0.241,2.8235,33.6374,1027.2539,4.4,0.398,0.0,Seabird SBE19plus
2018-05-30,43247,69Â° 11.1 N,53Â° 31.1 W,Fast station,55.0,0.245,2.8241,33.64,1027.2606,4.49,0.383,0.0,Seabird SBE19plus
2018-05-30,43247,69Â° 11.1 N,53Â° 31.1 W,Fast station,56.0,0.254,2.8253,33.645,1027.2689,2.4,0.385,0.0,Seabird SBE19plus
2018-05-30,43247,69Â° 11.1 N,53Â° 31.1 W,Fast station,57.0,0.258,2.8256,33.6444,1027.273,3.61,0.4,0.0,Seabird SBE19plus
2018-05-30,43247,69Â° 11.1 N,53Â° 31.1 W,Fast station,58.0,0.267,2.827,33.6523,1027.2837,3.22,0.385,0.0,Seabird SBE19plus
2018-05-30,43247,69Â° 11.1 N,53Â° 31.1 W,Fast station,59.0,0.275,2.8277,33.6517,1027.2877,3.26,0.362,0.0,Seabird SBE19plus
2018-05-30,43247,69Â° 11.1 N,53Â° 31.1 W,Fast station,60.0,0.278,2.8282,33.6548,1027.2948,2.55,0.389,0.0,Seabird SBE19plus
2018-05-30,43247,69Â° 11.1 N,53Â° 31.1 W,Fast station,61.0,0.283,2.8288,33.6571,1027.3012,2.19,0.348,0.0,Seabird SBE19plus
2022-06-13,44725,69Â° 11.1 N,53Â° 31.1 W,Fast station,28.0,1.906,2.9805,33.8652,1027.2032,,4.593,10.34,Seabird SBE19plus
2022-06-13,44725,69Â° 11.1 N,53Â° 31.1 W,Fast station,30.0,1.512,2.9444,33.8319,1027.2152,,5.718,8.58,Seabird SBE19plus
2022-06-13,44725,69Â° 11.1 N,53Â° 31.1 W,Fast station,32.0,1.275,2.9211,33.7894,1027.2071,,4.768,7.12,Seabird SBE19plus
2022-06-13,44725,69Â° 11.1 N,53Â° 31.1 W,Fast station,33.0,1.199,2.917,33.8194,1027.2412,,4.235,6.48,Seabird SBE19plus
2022-06-13,44725,69Â° 11.1 N,53Â° 31.1 W,Fast station,34.0,1.104,2.9077,33.8023,1027.2386,,6.636,5.94,Seabird SBE19plus
2022-06-13,44725,69Â° 11.1 N,53Â° 31.1 W,Fast station,35.0,1.011,2.903,33.8425,1027.2818,,8.575,5.37,Seabird SBE19plus
2022-06-13,44725,69Â° 11.1 N,53Â° 31.1 W,Fast station,39.0,0.795,2.8822,33.8063,1027.2855,,5.276,3.55,Seabird SBE19plus
2022-06-13,44725,69Â° 11.1 N,53Â° 31.1 W,Fast station,65.0,-0.5,2.7503,33.4731,1027.211,,5.053,0.29,Seabird SBE19plus
2022-06-13,44725,69Â° 11.1 N,53Â° 31.1 W,Fast station,66.0,-0.446,2.7536,33.4574,1027.2007,,4.257,0.26,Seabird SBE19plus
2022-06-13,44725,69Â° 11.1 N,53Â° 31.1 W,Fast station,67.0,-0.425,2.7563,33.4702,1027.2149,,4.556,0.24,Seabird SBE19plus
2022-06-13,44725,69Â° 11.1 N,53Â° 31.1 W,Fast station,68.0,-0.396,2.7582,33.463,1027.2127,,6.649,0.22,Seabird SBE19plus
2022-06-13,44725,69Â° 11.1 N,53Â° 31.1 W,Fast station,69.0,-0.388,2.7585,33.4573,1027.2125,,4.079,0.2,Seabird SBE19plus
2022-06-13,44725,69Â° 11.1 N,53Â° 31.1 W,Fast station,70.0,-0.398,2.7581,33.463,1027.2224,,4.067,0.18,Seabird SBE19plus
2022-06-13,44725,69Â° 11.1 N,53Â° 31.1 W,Fast station,71.0,-0.408,2.7578,33.4686,1027.2323,,6.794,0.17,Seabird SBE19plus
2022-06-13,44725,69Â° 11.1 N,53Â° 31.1 W,Fast station,72.0,-0.407,2.7593,33.4871,1027.2519,,3.936,0.15,Seabird SBE19plus
2022-06-13,44725,69Â° 11.1 N,53Â° 31.1 W,Fast station,73.0,-0.394,2.7607,33.4905,1027.259,,2.555,0.13,Seabird SBE19plus
2022-06-13,44725,69Â° 11.1 N,53Â° 31.1 W,Fast station,74.0,-0.375,2.7632,33.5035,1027.2734,,4.41,0.12,Seabird SBE19plus
2022-06-13,44725,69Â° 11.1 N,53Â° 31.1 W,Fast station,75.0,-0.334,2.7663,33.4978,1027.2717,,3.171,0.11,Seabird SBE19plus
2022-06-13,44725,69Â° 11.1 N,53Â° 31.1 W,Fast station,76.0,-0.319,2.7674,33.4958,1027.2743,,3.706,0.1,Seabird SBE19plus
2022-06-13,44725,69Â° 11.1 N,53Â° 31.1 W,Fast station,77.0,-0.309,2.7687,33.5014,1027.2831,,3.25,0.09,Seabird SBE19plus
2022-06-13,44725,69Â° 11.1 N,53Â° 31.1 W,Fast station,78.0,-0.292,2.7703,33.5043,1027.2894,,2.789,0.08,Seabird SBE19plus
2022-06-13,44725,69Â° 11.1 N,53Â° 31.1 W,Fast station,79.0,-0.254,2.7745,33.5167,1027.3025,,2.693,0.07,Seabird SBE19plus
2022-06-13,44725,69Â° 11.1 N,53Â° 31.1 W,Fast station,80.0,-0.235,2.7753,33.5057,1027.2975,,2.753,0.06,Seabird SBE19plus
2022-06-13,44725,69Â° 11.1 N,53Â° 31.1 W,Fast station,81.0,-0.232,2.7755,33.5059,1027.3024,,3.554,0.06,Seabird SBE19plus
2022-06-13,44725,69Â° 11.1 N,53Â° 31.1 W,Fast station,82.0,-0.229,2.7759,33.5064,1027.3074,,3.333,0.06,Seabird SBE19plus
2022-11-18,44883,69Â° 11.1 N,53Â° 31.1 W,Fast station,112.0,2.7983,3.028241,33.4661,1027.2096,0.08,0.171,0.0,Seabird SBE19plus
2022-11-18,44883,69Â° 11.1 N,53Â° 31.1 W,Fast station,113.0,2.7569,3.0254,33.4739,1027.2242,0.07,0.135,0.0,Seabird SBE19plus
2022-11-18,44883,69Â° 11.1 N,53Â° 31.1 W,Fast station,114.0,2.6474,3.016243,33.4755,1027.2399,0.07,0.162,0.0,Seabird SBE19plus
2022-11-18,44883,69Â° 11.1 N,53Â° 31.1 W,Fast station,115.0,2.6451,3.020857,33.5339,1027.2914,0.06,0.129,0.0,Seabird SBE19plus
2022-11-18,44883,69Â° 11.1 N,53Â° 31.1 W,Fast station,116.0,2.7093,3.023999,33.5048,1027.2673,0.08,0.177,0.0,Seabird SBE19plus
2022-11-18,44883,69Â° 11.1 N,53Â° 31.1 W,Fast station,117.0,2.7073,3.02453,33.5128,1027.2786,0.07,0.158,0.0,Seabird SBE19plus
2022-11-18,44883,69Â° 11.1 N,53Â° 31.1 W,Fast station,118.0,2.7021,3.024196,33.5136,1027.2844,0.07,0.171,0.0,Seabird SBE19plus
2022-11-18,44883,69Â° 11.1 N,53Â° 31.1 W,Fast station,119.0,2.6866,3.022987,33.5145,1027.2912,0.09,0.199,0.0,Seabird SBE19plus
2022-07-23,44765,69Â° 11.1 N,53Â° 31.1 W,Fast station,62.0,0.6215,2.85229,33.5935,1027.2353,0.17,0.239,0.02,Seabird SBE19plus
2022-07-23,44765,69Â° 11.1 N,53Â° 31.1 W,Fast station,63.0,0.7506,2.86255,33.586,1027.2262,0.16,0.215,0.01,Seabird SBE19plus
2022-07-23,44765,69Â° 11.1 N,53Â° 31.1 W,Fast station,64.0,0.8752,2.8759,33.6229,1027.2529,0.16,0.202,0.01,Seabird SBE19plus
2022-07-23,44765,69Â° 11.1 N,53Â° 31.1 W,Fast station,65.0,0.9636,2.88063,33.5877,1027.2238,0.14,0.202,0.0,Seabird SBE19plus
2022-07-23,44765,69Â° 11.1 N,53Â° 31.1 W,Fast station,66.0,0.9818,2.88102,33.5725,1027.2152,0.15,0.223,0.0,Seabird SBE19plus
2022-07-23,44765,69Â° 11.1 N,53Â° 31.1 W,Fast station,67.0,0.9422,2.87631,33.554,1027.2076,0.14,0.178,0.0,Seabird SBE19plus
2022-07-23,44765,69Â° 11.1 N,53Â° 31.1 W,Fast station,70.0,0.2054,2.81548,33.561,1027.2713,0.12,0.163,0.0,Seabird SBE19plus
2022-07-23,44765,69Â° 11.1 N,53Â° 31.1 W,Fast station,71.0,0.1935,2.8109,33.5134,1027.2384,0.12,0.152,0.0,Seabird SBE19plus
2022-07-23,44765,69Â° 11.1 N,53Â° 31.1 W,Fast station,72.0,0.1293,2.80865,33.5533,1027.2788,0.1,0.149,0.0,Seabird SBE19plus
2022-07-23,44765,69Â° 11.1 N,53Â° 31.1 W,Fast station,73.0,0.1247,2.80954,33.5694,1027.2968,0.11,0.154,0.0,Seabird SBE19plus
2022-07-23,44765,69Â° 11.1 N,53Â° 31.1 W,Fast station,74.0,0.1399,2.8113,33.5754,1027.3057,0.12,0.162,0.0,Seabird SBE19plus
2020-06-18,44000,69Â° 11.1 N,53Â° 31.1 W,Fast station,50.0,0.912,2.881,33.6564,1027.2104,0.15,0.352,0.0,Seabird SBE19plus
2020-06-18,44000,69Â° 11.1 N,53Â° 31.1 W,Fast station,51.0,0.916,2.8818,33.6623,1027.2197,0.13,0.329,0.0,Seabird SBE19plus
2020-06-18,44000,69Â° 11.1 N,53Â° 31.1 W,Fast station,52.0,0.926,2.8837,33.675,1027.234,0.14,0.297,0.0,Seabird SBE19plus
2020-06-18,44000,69Â° 11.1 N,53Â° 31.1 W,Fast station,53.0,0.92,2.8834,33.6781,1027.2417,0.13,0.339,0.0,Seabird SBE19plus
2020-06-18,44000,69Â° 11.1 N,53Â° 31.1 W,Fast station,54.0,0.903,2.8831,33.692,1027.2588,0.16,0.272,0.0,Seabird SBE19plus
2020-06-18,44000,69Â° 11.1 N,53Â° 31.1 W,Fast station,55.0,0.909,2.8861,33.7234,1027.2883,0.13,0.291,0.0,Seabird SBE19plus
2020-06-18,44000,69Â° 11.1 N,53Â° 31.1 W,Fast station,56.0,0.983,2.8938,33.7408,1027.3024,0.13,0.257,0.0,Seabird SBE19plus
2020-06-18,44000,69Â° 11.1 N,53Â° 31.1 W,Fast station,57.0,1.03,2.8969,33.73,1027.2955,0.14,0.293,0.0,Seabird SBE19plus
2020-06-18,44000,69Â° 11.1 N,53Â° 31.1 W,Fast station,58.0,1.045,2.8981,33.7285,1027.2981,0.11,0.266,0.0,Seabird SBE19plus
2020-06-18,44000,69Â° 11.1 N,53Â° 31.1 W,Fast station,59.0,1.045,2.8979,33.7254,1027.3004,0.12,0.281,0.0,Seabird SBE19plus
2020-06-18,44000,69Â° 11.1 N,53Â° 31.1 W,Fast station,60.0,1.03,2.8954,33.7093,1027.2932,0.12,0.261,0.0,Seabird SBE19plus
2018-03-16,43175,69Â° 14.81 N,53Â° 29.55 W,Vinter station,61.0,-1.546,2.6625,33.4463,1027.2083,0.1,0.162,0.03,Seabird SBE19plus
2018-03-16,43175,69Â° 14.81 N,53Â° 29.55 W,Vinter station,62.0,-1.486,2.6675,33.446,1027.2112,0.09,0.132,0.02,Seabird SBE19plus
2018-03-16,43175,69Â° 14.81 N,53Â° 29.55 W,Vinter station,63.0,-1.465,2.6692,33.4455,1027.215,0.08,0.191,0.0,Seabird SBE19plus
2018-03-16,43175,69Â° 14.81 N,53Â° 29.55 W,Vinter station,64.0,-1.461,2.6697,33.4481,1027.2218,0.08,0.153,0.0,Seabird SBE19plus
2018-03-16,43175,69Â° 14.81 N,53Â° 29.55 W,Vinter station,65.0,-1.367,2.6794,33.4757,1027.2462,0.07,0.153,0.0,Seabird SBE19plus
2018-03-16,43175,69Â° 14.81 N,53Â° 29.55 W,Vinter station,66.0,-1.27,2.6859,33.4554,1027.2314,0.09,0.151,0.0,Seabird SBE19plus
2018-03-16,43175,69Â° 14.81 N,53Â° 29.55 W,Vinter station,67.0,-1.235,2.689,33.4583,1027.2374,0.08,0.142,0.0,Seabird SBE19plus
2018-03-16,43175,69Â° 14.81 N,53Â° 29.55 W,Vinter station,68.0,-1.219,2.6902,33.4563,1027.2401,0.08,0.145,0.0,Seabird SBE19plus
2018-03-16,43175,69Â° 14.81 N,53Â° 29.55 W,Vinter station,69.0,-1.207,2.6918,33.4643,1027.251,0.08,0.138,0.0,Seabird SBE19plus
2018-03-16,43175,69Â° 14.81 N,53Â° 29.55 W,Vinter station,70.0,-1.156,2.6971,33.4788,1027.2659,0.07,0.155,0.0,Seabird SBE19plus
2018-03-16,43175,69Â° 14.81 N,53Â° 29.55 W,Vinter station,71.0,-1.064,2.7049,33.4817,1027.2698,0.07,0.149,0.0,Seabird SBE19plus
2018-03-16,43175,69Â° 14.81 N,53Â° 29.55 W,Vinter station,72.0,-1.001,2.7104,33.4859,1027.2757,0.07,0.165,0.0,Seabird SBE19plus
2018-03-16,43175,69Â° 14.81 N,53Â° 29.55 W,Vinter station,73.0,-0.971,2.7132,33.489,1027.2819,0.06,0.135,0.0,Seabird SBE19plus
2018-03-16,43175,69Â° 14.81 N,53Â° 29.55 W,Vinter station,74.0,-1.0,2.7098,33.4745,1027.2761,0.06,0.152,0.0,Seabird SBE19plus
2018-03-16,43175,69Â° 14.81 N,53Â° 29.55 W,Vinter station,75.0,-1.03,2.7079,33.4824,1027.2885,0.07,0.176,0.0,Seabird SBE19plus
2018-03-16,43175,69Â° 14.81 N,53Â° 29.55 W,Vinter station,76.0,-1.063,2.7054,33.4846,1027.2964,0.07,0.17,0.0,Seabird SBE19plus
2018-03-16,43175,69Â° 14.81 N,53Â° 29.55 W,Vinter station,77.0,-1.063,2.7052,33.4811,1027.2984,0.08,0.188,0.0,Seabird SBE19plus
2018-03-16,43175,69Â° 14.81 N,53Â° 29.55 W,Vinter station,78.0,-1.067,2.705,33.4828,1027.3048,0.07,0.231,0.0,Seabird SBE19plus
2019-10-14,43752,69Â° 11.1 N,53Â° 31.1 W,Fast station,93.0,2.67,3.0255,33.5766,1027.2189,0.27,0.051,0.0,Seabird SBE19plus
2019-10-14,43752,69Â° 11.1 N,53Â° 31.1 W,Fast station,94.0,2.668,3.0256,33.5791,1027.2259,0.23,0.051,0.0,Seabird SBE19plus
2019-10-14,43752,69Â° 11.1 N,53Â° 31.1 W,Fast station,95.0,2.668,3.0254,33.5776,1027.2295,0.22,0.072,0.0,Seabird SBE19plus
2019-10-14,43752,69Â° 11.1 N,53Â° 31.1 W,Fast station,96.0,2.666,3.0255,33.5789,1027.2353,0.22,0.032,0.0,Seabird SBE19plus
2019-10-14,43752,69Â° 11.1 N,53Â° 31.1 W,Fast station,97.0,2.665,3.025,33.5735,1027.2358,0.22,0.025,0.0,Seabird SBE19plus
2019-10-14,43752,69Â° 11.1 N,53Â° 31.1 W,Fast station,98.0,2.645,3.0224,33.5623,1027.2334,0.21,0.07,0.0,Seabird SBE19plus
2019-10-14,43752,69Â° 11.1 N,53Â° 31.1 W,Fast station,99.0,2.6,3.0199,33.5791,1027.2555,0.21,0.06,0.0,Seabird SBE19plus
2019-10-14,43752,69Â° 11.1 N,53Â° 31.1 W,Fast station,100.0,2.57,3.0183,33.5894,1027.271,0.21,0.03,0.0,Seabird SBE19plus
2019-10-14,43752,69Â° 11.1 N,53Â° 31.1 W,Fast station,101.0,2.557,3.0174,33.5908,1027.278,0.21,0.027,0.0,Seabird SBE19plus
2019-10-14,43752,69Â° 11.1 N,53Â° 31.1 W,Fast station,102.0,2.547,3.0168,33.5936,1027.2858,0.22,0.041,0.0,Seabird SBE19plus
2019-10-14,43752,69Â° 11.1 N,53Â° 31.1 W,Fast station,103.0,2.54,3.0164,33.596,1027.2931,0.23,0.059,0.0,Seabird SBE19plus
2019-10-14,43752,69Â° 11.1 N,53Â° 31.1 W,Fast station,104.0,2.534,3.016,33.5974,1027.2995,0.21,0.066,0.0,Seabird SBE19plus
2019-10-14,43752,69Â° 11.1 N,53Â° 31.1 W,Fast station,105.0,2.531,3.0159,33.599,1027.3058,0.2,0.066,0.0,Seabird SBE19plus
2020-07-15,44027,69Â° 11.1 N,53Â° 31.1 W,Fast station,47.0,1.378,2.9245,33.7135,1027.2109,1.02,0.29,0.0,Seabird SBE19plus
2020-07-15,44027,69Â° 11.1 N,53Â° 31.1 W,Fast station,50.0,1.305,2.9173,33.698,1027.2178,0.79,0.295,0.0,Seabird SBE19plus
2020-07-15,44027,69Â° 11.1 N,53Â° 31.1 W,Fast station,51.0,1.276,2.9175,33.7315,1027.2514,0.71,0.366,0.0,Seabird SBE19plus
2020-07-15,44027,69Â° 11.1 N,53Â° 31.1 W,Fast station,52.0,1.279,2.9187,33.7427,1027.265,0.6,0.353,0.0,Seabird SBE19plus
2020-07-15,44027,69Â° 11.1 N,53Â° 31.1 W,Fast station,53.0,1.286,2.9194,33.7434,1027.2699,0.77,0.313,0.0,Seabird SBE19plus
2020-07-15,44027,69Â° 11.1 N,53Â° 31.1 W,Fast station,54.0,1.287,2.9195,33.7427,1027.2741,0.64,0.401,0.0,Seabird SBE19plus
2020-07-15,44027,69Â° 11.1 N,53Â° 31.1 W,Fast station,55.0,1.291,2.9204,33.7491,1027.2837,0.62,0.328,0.0,Seabird SBE19plus
2020-07-15,44027,69Â° 11.1 N,53Â° 31.1 W,Fast station,56.0,1.297,2.9209,33.7494,1027.2883,0.54,0.319,0.0,Seabird SBE19plus
2020-07-15,44027,69Â° 11.1 N,53Â° 31.1 W,Fast station,57.0,1.296,2.9209,33.7499,1027.2935,0.51,0.308,0.0,Seabird SBE19plus
2020-07-15,44027,69Â° 11.1 N,53Â° 31.1 W,Fast station,58.0,1.301,2.9221,33.759,1027.3053,0.54,0.293,0.0,Seabird SBE19plus
2020-07-15,44027,69Â° 11.1 N,53Â° 31.1 W,Fast station,59.0,1.304,2.9219,33.7528,1027.3049,0.49,0.272,0.0,Seabird SBE19plus
2020-07-15,44027,69Â° 11.1 N,53Â° 31.1 W,Fast station,60.0,1.277,2.9195,33.7506,1027.3098,0.39,0.258,0.0,Seabird SBE19plus
2018-08-20,43332,69Â° 11.1 N,53Â° 31.1 W,Fast station,79.0,0.752,2.8538,33.4621,1027.2032,0.13,0.15,0.0,Seabird SBE19plus
2018-08-20,43332,69Â° 11.1 N,53Â° 31.1 W,Fast station,80.0,0.697,2.8499,33.4691,1027.217,0.11,0.115,0.0,Seabird SBE19plus
2018-08-20,43332,69Â° 11.1 N,53Â° 31.1 W,Fast station,81.0,0.651,2.8462,33.4714,1027.2264,0.12,0.133,0.0,Seabird SBE19plus
2018-08-20,43332,69Â° 11.1 N,53Â° 31.1 W,Fast station,82.0,0.603,2.8425,33.475,1027.2371,0.1,0.118,0.0,Seabird SBE19plus
2018-08-20,43332,69Â° 11.1 N,53Â° 31.1 W,Fast station,83.0,0.557,2.8391,33.4788,1027.2476,0.1,0.142,0.0,Seabird SBE19plus
2018-08-20,43332,69Â° 11.1 N,53Â° 31.1 W,Fast station,84.0,0.515,2.8368,33.4943,1027.2674,0.1,0.14,0.0,Seabird SBE19plus
2018-08-20,43332,69Â° 11.1 N,53Â° 31.1 W,Fast station,85.0,0.516,2.8368,33.493,1027.2711,0.09,0.159,0.0,Seabird SBE19plus
2018-08-20,43332,69Â° 11.1 N,53Â° 31.1 W,Fast station,86.0,0.512,2.8363,33.4906,1027.2742,0.09,0.119,0.0,Seabird SBE19plus
2018-08-20,43332,69Â° 11.1 N,53Â° 31.1 W,Fast station,87.0,0.496,2.8349,33.4893,1027.2789,0.09,0.133,0.0,Seabird SBE19plus
2018-08-20,43332,69Â° 11.1 N,53Â° 31.1 W,Fast station,88.0,0.484,2.8344,33.4941,1027.2882,0.09,0.154,0.0,Seabird SBE19plus
2018-08-20,43332,69Â° 11.1 N,53Â° 31.1 W,Fast station,89.0,0.484,2.8348,33.4988,1027.2968,0.09,0.156,0.0,Seabird SBE19plus
2018-08-20,43332,69Â° 11.1 N,53Â° 31.1 W,Fast station,90.0,0.48,2.8345,33.5001,1027.303,0.09,0.161,0.0,Seabird SBE19plus
2018-08-20,43332,69Â° 11.1 N,53Â° 31.1 W,Fast station,91.0,0.477,2.8343,33.4989,1027.3069,0.09,0.192,0.0,Seabird SBE19plus
2018-04-13,43203,69Â° 14.81 N,53Â° 29.55 W,Vinter station,54.0,-1.4,2.6772,33.4886,1027.2041,0.33,0.167,0.0,Seabird SBE19plus
2018-04-13,43203,69Â° 14.81 N,53Â° 29.55 W,Vinter station,55.0,-1.358,2.6804,33.4861,1027.2057,0.33,0.172,0.0,Seabird SBE19plus
2018-04-13,43203,69Â° 14.81 N,53Â° 29.55 W,Vinter station,56.0,-1.343,2.6819,33.4887,1027.2121,0.31,0.173,0.0,Seabird SBE19plus
2018-04-13,43203,69Â° 14.81 N,53Â° 29.55 W,Vinter station,57.0,-1.328,2.6833,33.4898,1027.2174,0.33,0.204,0.0,Seabird SBE19plus
2018-04-13,43203,69Â° 14.81 N,53Â° 29.55 W,Vinter station,58.0,-1.319,2.6841,33.4904,1027.2225,0.32,0.182,0.0,Seabird SBE19plus
2018-04-13,43203,69Â° 14.81 N,53Â° 29.55 W,Vinter station,59.0,-1.306,2.6854,33.4925,1027.2286,0.33,0.183,0.0,Seabird SBE19plus
2018-04-13,43203,69Â° 14.81 N,53Â° 29.55 W,Vinter station,60.0,-1.291,2.6871,33.4989,1027.2383,0.29,0.147,0.0,Seabird SBE19plus
2018-04-13,43203,69Â° 14.81 N,53Â° 29.55 W,Vinter station,61.0,-1.283,2.688,33.5022,1027.2455,0.28,0.174,0.0,Seabird SBE19plus
2018-04-13,43203,69Â° 14.81 N,53Â° 29.55 W,Vinter station,62.0,-1.246,2.6913,33.5046,1027.2511,0.31,0.158,0.0,Seabird SBE19plus
2018-04-13,43203,69Â° 14.81 N,53Â° 29.55 W,Vinter station,63.0,-1.225,2.6933,33.5082,1027.2581,0.3,0.168,0.0,Seabird SBE19plus
2018-04-13,43203,69Â° 14.81 N,53Â° 29.55 W,Vinter station,64.0,-1.206,2.6953,33.5138,1027.2668,0.29,0.131,0.0,Seabird SBE19plus
2018-04-13,43203,69Â° 14.81 N,53Â° 29.55 W,Vinter station,65.0,-1.194,2.6965,33.516,1027.2731,0.3,0.151,0.0,Seabird SBE19plus
2018-04-13,43203,69Â° 14.81 N,53Â° 29.55 W,Vinter station,66.0,-1.176,2.6979,33.5153,1027.2767,0.3,0.145,0.0,Seabird SBE19plus
2018-04-13,43203,69Â° 14.81 N,53Â° 29.55 W,Vinter station,67.0,-1.15,2.7008,33.5255,1027.289,0.3,0.139,0.0,Seabird SBE19plus
2018-04-13,43203,69Â° 14.81 N,53Â° 29.55 W,Vinter station,68.0,-1.125,2.7038,33.5369,1027.3021,0.31,0.119,0.0,Seabird SBE19plus
2018-04-13,43203,69Â° 14.81 N,53Â° 29.55 W,Vinter station,69.0,-1.107,2.7048,33.5306,1027.3013,0.37,0.135,0.0,Seabird SBE19plus
2018-04-13,43203,69Â° 14.81 N,53Â° 29.55 W,Vinter station,70.0,-1.084,2.7069,33.5328,1027.3071,0.35,0.129,0.0,Seabird SBE19plus
2018-04-23,43213,69Â° 14.81 N,53Â° 29.55 W,Vinter station,53.0,-1.025,2.7095,33.5121,1027.2056,0.36,0.173,2.65,Seabird SBE19plus
2018-04-23,43213,69Â° 14.81 N,53Â° 29.55 W,Vinter station,54.0,-1.046,2.7082,33.5182,1027.2162,0.33,0.184,2.46,Seabird SBE19plus
2018-04-23,43213,69Â° 14.81 N,53Â° 29.55 W,Vinter station,55.0,-1.046,2.7081,33.515,1027.2184,0.36,0.178,2.31,Seabird SBE19plus
2018-04-23,43213,69Â° 14.81 N,53Â° 29.55 W,Vinter station,56.0,-1.049,2.708,33.5167,1027.2248,0.34,0.17,2.18,Seabird SBE19plus
2018-04-23,43213,69Â° 14.81 N,53Â° 29.55 W,Vinter station,57.0,-1.028,2.7104,33.5262,1027.2366,0.34,0.186,2.05,Seabird SBE19plus
2018-04-23,43213,69Â° 14.81 N,53Â° 29.55 W,Vinter station,58.0,-0.993,2.7139,33.5336,1027.2461,0.34,0.194,1.93,Seabird SBE19plus
2018-04-23,43213,69Â° 14.81 N,53Â° 29.55 W,Vinter station,59.0,-0.962,2.7164,33.5333,1027.2496,0.31,0.174,1.81,Seabird SBE19plus
2018-04-23,43213,69Â° 14.81 N,53Â° 29.55 W,Vinter station,60.0,-0.921,2.7208,33.5456,1027.2628,0.32,0.174,1.69,Seabird SBE19plus
2018-04-23,43213,69Â° 14.81 N,53Â° 29.55 W,Vinter station,61.0,-0.864,2.7265,33.5579,1027.2754,0.29,0.154,1.57,Seabird SBE19plus
2018-04-23,43213,69Â° 14.81 N,53Â° 29.55 W,Vinter station,62.0,-0.775,2.7342,33.5629,1027.2807,0.27,0.179,1.47,Seabird SBE19plus
2018-04-23,43213,69Â° 14.81 N,53Â° 29.55 W,Vinter station,63.0,-0.737,2.7371,33.559,1027.2809,0.27,0.17,1.37,Seabird SBE19plus
2018-04-23,43213,69Â° 14.81 N,53Â° 29.55 W,Vinter station,64.0,-0.717,2.7389,33.5623,1027.2876,0.27,0.166,1.28,Seabird SBE19plus
2018-04-23,43213,69Â° 14.81 N,53Â° 29.55 W,Vinter station,65.0,-0.704,2.7403,33.5649,1027.294,0.26,0.167,1.2,Seabird SBE19plus
2018-04-23,43213,69Â° 14.81 N,53Â° 29.55 W,Vinter station,66.0,-0.679,2.7427,33.5697,1027.3016,0.27,0.182,1.12,Seabird SBE19plus
2018-04-23,43213,69Â° 14.81 N,53Â° 29.55 W,Vinter station,67.0,-0.67,2.7433,33.5676,1027.3044,0.26,0.178,1.06,Seabird SBE19plus
2018-04-23,43213,69Â° 14.81 N,53Â° 29.55 W,Vinter station,68.0,-0.666,2.7438,33.5683,1027.3097,0.26,0.18,1.01,Seabird SBE19plus
2019-08-15,43692,69Â° 11.1 N,53Â° 31.1 W,Fast station,63.0,1.867,2.963,33.6676,1027.2147,2.15,0.047,0.0,Seabird SBE19plus
2019-08-15,43692,69Â° 11.1 N,53Â° 31.1 W,Fast station,64.0,1.842,2.9604,33.6598,1027.2151,2.31,0.063,0.0,Seabird SBE19plus
2019-08-15,43692,69Â° 11.1 N,53Â° 31.1 W,Fast station,66.0,1.683,2.9461,33.6486,1027.2276,2.13,0.056,0.0,Seabird SBE19plus
2019-08-15,43692,69Â° 11.1 N,53Â° 31.1 W,Fast station,67.0,1.583,2.9394,33.6707,1027.2575,1.9,0.067,0.0,Seabird SBE19plus
2019-08-15,43692,69Â° 11.1 N,53Â° 31.1 W,Fast station,68.0,1.537,2.9356,33.6709,1027.2657,2.44,0.061,0.0,Seabird SBE19plus
2019-08-15,43692,69Â° 11.1 N,53Â° 31.1 W,Fast station,69.0,1.508,2.9332,33.6713,1027.2729,1.92,0.061,0.0,Seabird SBE19plus
2019-08-15,43692,69Â° 11.1 N,53Â° 31.1 W,Fast station,70.0,1.478,2.9321,33.6879,1027.2932,2.24,0.042,0.0,Seabird SBE19plus
2019-08-15,43692,69Â° 11.1 N,53Â° 31.1 W,Fast station,71.0,1.464,2.9306,33.6847,1027.2964,1.61,0.083,0.0,Seabird SBE19plus
2019-08-15,43692,69Â° 11.1 N,53Â° 31.1 W,Fast station,72.0,1.449,2.9293,33.683,1027.3009,1.8,0.061,0.0,Seabird SBE19plus
2019-08-15,43692,69Â° 11.1 N,53Â° 31.1 W,Fast station,73.0,1.44,2.9287,33.6853,1027.3081,1.73,0.039,0.0,Seabird SBE19plus
2020-09-04,44078,69Â° 11.1 N,53Â° 31.1 W,Fast station,71.0,2.771,3.0432,33.701,1027.2051,0.2,0.292,0.0,Seabird SBE19plus
2020-09-04,44078,69Â° 11.1 N,53Â° 31.1 W,Fast station,72.0,2.734,3.0401,33.7005,1027.2127,0.14,0.317,0.0,Seabird SBE19plus
2020-09-04,44078,69Â° 11.1 N,53Â° 31.1 W,Fast station,73.0,2.7,3.0381,33.7112,1027.229,0.15,0.346,0.0,Seabird SBE19plus
2020-09-04,44078,69Â° 11.1 N,53Â° 31.1 W,Fast station,74.0,2.667,3.036,33.7201,1027.2437,0.13,0.366,0.0,Seabird SBE19plus
2020-09-04,44078,69Â° 11.1 N,53Â° 31.1 W,Fast station,75.0,2.646,3.0348,33.7265,1027.2553,0.12,0.355,0.0,Seabird SBE19plus
2020-09-04,44078,69Â° 11.1 N,53Â° 31.1 W,Fast station,76.0,2.634,3.0343,33.7326,1027.266,0.13,0.376,0.0,Seabird SBE19plus
2020-09-04,44078,69Â° 11.1 N,53Â° 31.1 W,Fast station,77.0,2.627,3.0339,33.7351,1027.2734,0.13,0.595,0.0,Seabird SBE19plus
2020-09-04,44078,69Â° 11.1 N,53Â° 31.1 W,Fast station,78.0,2.621,3.0336,33.7358,1027.2791,0.14,0.788,0.0,Seabird SBE19plus
2020-09-04,44078,69Â° 11.1 N,53Â° 31.1 W,Fast station,79.0,2.613,3.033,33.7377,1027.2862,0.12,0.69,0.0,Seabird SBE19plus
2020-09-04,44078,69Â° 11.1 N,53Â° 31.1 W,Fast station,80.0,2.606,3.0328,33.742,1027.2949,0.12,0.621,0.0,Seabird SBE19plus
2020-09-04,44078,69Â° 11.1 N,53Â° 31.1 W,Fast station,81.0,2.603,3.0328,33.7434,1027.301,0.12,0.724,0.0,Seabird SBE19plus
2020-09-04,44078,69Â° 11.1 N,53Â° 31.1 W,Fast station,82.0,2.578,3.0299,33.7337,1027.3001,0.13,0.623,0.0,Seabird SBE19plus
2020-09-02,44076,69Â° 11.1 N,53Â° 31.1 W,Fast station,66.0,2.778,3.0468,33.7405,1027.2123,0.3,0.221,0.0,Seabird SBE19plus
2020-09-02,44076,69Â° 11.1 N,53Â° 31.1 W,Fast station,67.0,2.771,3.0447,33.7216,1027.2026,0.38,0.172,0.0,Seabird SBE19plus
2020-09-02,44076,69Â° 11.1 N,53Â° 31.1 W,Fast station,68.0,2.733,3.0431,33.7412,1027.2263,0.31,0.21,0.0,Seabird SBE19plus
2020-09-02,44076,69Â° 11.1 N,53Â° 31.1 W,Fast station,69.0,2.715,3.0418,33.7426,1027.2337,0.36,0.214,0.0,Seabird SBE19plus
2020-09-02,44076,69Â° 11.1 N,53Â° 31.1 W,Fast station,70.0,2.704,3.0407,33.7414,1027.2385,0.35,0.208,0.0,Seabird SBE19plus
2020-09-02,44076,69Â° 11.1 N,53Â° 31.1 W,Fast station,71.0,2.655,3.0351,33.7229,1027.2327,0.32,0.237,0.0,Seabird SBE19plus
2020-09-02,44076,69Â° 11.1 N,53Â° 31.1 W,Fast station,72.0,2.567,3.0283,33.7309,1027.2514,0.26,0.238,0.0,Seabird SBE19plus
2020-09-02,44076,69Â° 11.1 N,53Â° 31.1 W,Fast station,74.0,1.708,2.9519,33.6909,1027.2979,0.31,0.202,0.0,Seabird SBE19plus
2020-09-06,44080,69Â° 11.1 N,53Â° 31.1 W,Fast station,68.0,1.95,2.9677,33.6338,1027.2051,0.41,0.239,0.0,Seabird SBE19plus
2020-09-06,44080,69Â° 11.1 N,53Â° 31.1 W,Fast station,70.0,1.698,2.9453,33.6206,1027.2232,0.46,0.219,0.0,Seabird SBE19plus
2020-09-06,44080,69Â° 11.1 N,53Â° 31.1 W,Fast station,71.0,1.603,2.9381,33.6314,1027.2436,0.41,0.229,0.0,Seabird SBE19plus
2020-09-06,44080,69Â° 11.1 N,53Â° 31.1 W,Fast station,72.0,1.53,2.9296,33.6,1027.2285,0.41,0.254,0.0,Seabird SBE19plus
2020-09-06,44080,69Â° 11.1 N,53Â° 31.1 W,Fast station,73.0,1.41,2.923,33.6435,1027.2767,0.45,0.234,0.0,Seabird SBE19plus
2020-09-06,44080,69Â° 11.1 N,53Â° 31.1 W,Fast station,74.0,1.382,2.9203,33.6396,1027.2804,0.43,0.246,0.0,Seabird SBE19plus
2020-09-06,44080,69Â° 11.1 N,53Â° 31.1 W,Fast station,75.0,1.374,2.9206,33.6523,1027.2958,0.35,0.199,0.0,Seabird SBE19plus
2020-09-06,44080,69Â° 11.1 N,53Â° 31.1 W,Fast station,78.0,1.289,2.9107,33.6151,1027.2862,0.28,0.185,0.0,Seabird SBE19plus
2022-05-12,44693,69Â° 11.1 N,53Â° 31.1 W,Fast station,54.0,-0.24,2.778,33.5635,1027.2189,,1.95,0.05,Seabird SBE19plus
2022-05-12,44693,69Â° 11.1 N,53Â° 31.1 W,Fast station,55.0,-0.157,2.7834,33.5438,1027.2038,,1.382,0.05,Seabird SBE19plus
2022-05-12,44693,69Â° 11.1 N,53Â° 31.1 W,Fast station,56.0,-0.086,2.7891,33.5404,1027.2024,,1.248,0.05,Seabird SBE19plus
2022-05-12,44693,69Â° 11.1 N,53Â° 31.1 W,Fast station,58.0,-0.054,2.7917,33.5384,1027.2088,,1.418,0.05,Seabird SBE19plus
2022-05-12,44693,69Â° 11.1 N,53Â° 31.1 W,Fast station,59.0,-0.025,2.7956,33.5578,1027.2278,,1.362,0.05,Seabird SBE19plus
2022-05-12,44693,69Â° 11.1 N,53Â° 31.1 W,Fast station,60.0,0.021,2.7995,33.5583,1027.2307,,1.351,0.05,Seabird SBE19plus
2022-05-12,44693,69Â° 11.1 N,53Â° 31.1 W,Fast station,61.0,0.075,2.8067,33.593,1027.2607,,1.901,0.05,Seabird SBE19plus
2022-05-12,44693,69Â° 11.1 N,53Â° 31.1 W,Fast station,62.0,0.158,2.8115,33.5658,1027.2392,,1.16,0.05,Seabird SBE19plus
2022-05-12,44693,69Â° 11.1 N,53Â° 31.1 W,Fast station,63.0,0.182,2.8138,33.5693,1027.2456,,1.388,0.05,Seabird SBE19plus
2022-05-12,44693,69Â° 11.1 N,53Â° 31.1 W,Fast station,64.0,0.2,2.8158,33.5754,1027.2544,,1.456,0.06,Seabird SBE19plus
2022-05-12,44693,69Â° 11.1 N,53Â° 31.1 W,Fast station,65.0,0.229,2.8181,33.5729,1027.2556,,1.311,0.05,Seabird SBE19plus
2022-05-12,44693,69Â° 11.1 N,53Â° 31.1 W,Fast station,66.0,0.241,2.8199,33.5831,1027.2679,,1.288,0.05,Seabird SBE19plus
2022-05-12,44693,69Â° 11.1 N,53Â° 31.1 W,Fast station,67.0,0.254,2.8203,33.5726,1027.2635,,1.319,0.05,Seabird SBE19plus
2022-05-12,44693,69Â° 11.1 N,53Â° 31.1 W,Fast station,68.0,0.239,2.8191,33.5734,1027.2698,,1.4,0.05,Seabird SBE19plus
2022-05-12,44693,69Â° 11.1 N,53Â° 31.1 W,Fast station,69.0,0.234,2.8189,33.576,1027.277,,1.346,0.05,Seabird SBE19plus
2022-05-12,44693,69Â° 11.1 N,53Â° 31.1 W,Fast station,70.0,0.247,2.8222,33.6044,1027.304,,1.183,0.05,Seabird SBE19plus
2022-05-12,44693,69Â° 11.1 N,53Â° 31.1 W,Fast station,71.0,0.296,2.8259,33.5986,1027.3014,,1.267,0.05,Seabird SBE19plus
2022-05-12,44693,69Â° 11.1 N,53Â° 31.1 W,Fast station,72.0,0.304,2.8262,33.5931,1027.3014,,1.18,0.05,Seabird SBE19plus
2022-05-12,44693,69Â° 11.1 N,53Â° 31.1 W,Fast station,73.0,0.309,2.8267,33.5937,1027.3063,,1.143,0.05,Seabird SBE19plus
2018-06-11,43262,69Â° 11.1 N,53Â° 31.1 W,Fast station,57.0,-0.36,2.765,33.5215,1027.2051,1.04,0.366,0.0,Seabird SBE19plus
2018-06-11,43262,69Â° 11.1 N,53Â° 31.1 W,Fast station,58.0,-0.361,2.7651,33.5227,1027.211,0.91,0.343,0.0,Seabird SBE19plus
2018-06-11,43262,69Â° 11.1 N,53Â° 31.1 W,Fast station,59.0,-0.361,2.7652,33.5238,1027.2167,0.76,0.367,0.0,Seabird SBE19plus
2018-06-11,43262,69Â° 11.1 N,53Â° 31.1 W,Fast station,60.0,-0.363,2.765,33.5228,1027.2208,0.93,0.366,0.0,Seabird SBE19plus
2018-06-11,43262,69Â° 11.1 N,53Â° 31.1 W,Fast station,61.0,-0.358,2.7662,33.5314,1027.2323,1.2,0.37,0.0,Seabird SBE19plus
2018-06-11,43262,69Â° 11.1 N,53Â° 31.1 W,Fast station,62.0,-0.344,2.7673,33.5317,1027.2368,0.83,0.342,0.0,Seabird SBE19plus
2018-06-11,43262,69Â° 11.1 N,53Â° 31.1 W,Fast station,63.0,-0.337,2.768,33.5317,1027.2412,1.32,0.332,0.0,Seabird SBE19plus
2018-06-11,43262,69Â° 11.1 N,53Â° 31.1 W,Fast station,64.0,-0.334,2.7684,33.5341,1027.2479,1.16,0.35,0.0,Seabird SBE19plus
2018-06-11,43262,69Â° 11.1 N,53Â° 31.1 W,Fast station,65.0,-0.335,2.7685,33.5348,1027.2534,1.21,0.364,0.0,Seabird SBE19plus
2018-06-11,43262,69Â° 11.1 N,53Â° 31.1 W,Fast station,66.0,-0.335,2.7688,33.5381,1027.2608,1.3,0.349,0.0,Seabird SBE19plus
2018-06-11,43262,69Â° 11.1 N,53Â° 31.1 W,Fast station,67.0,-0.324,2.7699,33.5397,1027.2664,0.88,0.347,0.0,Seabird SBE19plus
2018-06-11,43262,69Â° 11.1 N,53Â° 31.1 W,Fast station,68.0,-0.326,2.7698,33.5405,1027.272,1.14,0.328,0.0,Seabird SBE19plus
2018-06-11,43262,69Â° 11.1 N,53Â° 31.1 W,Fast station,69.0,-0.334,2.7692,33.5409,1027.2775,1.08,0.359,0.0,Seabird SBE19plus
2018-06-11,43262,69Â° 11.1 N,53Â° 31.1 W,Fast station,70.0,-0.336,2.7693,33.544,1027.2849,0.98,0.34,0.0,Seabird SBE19plus
2018-06-11,43262,69Â° 11.1 N,53Â° 31.1 W,Fast station,71.0,-0.327,2.7712,33.558,1027.3007,1.48,0.317,0.0,Seabird SBE19plus
2018-06-11,43262,69Â° 11.1 N,53Â° 31.1 W,Fast station,72.0,-0.306,2.7733,33.563,1027.3086,1.44,0.342,0.0,Seabird SBE19plus
2020-11-08,44143,69Â° 11.1 N,53Â° 31.1 W,Fast station,102.0,2.755,3.0282,33.5165,1027.2062,0.1,2.835,0.0,Seabird SBE19plus
2020-11-08,44143,69Â° 11.1 N,53Â° 31.1 W,Fast station,103.0,2.755,3.0292,33.5281,1027.2202,0.1,2.892,0.0,Seabird SBE19plus
2020-11-08,44143,69Â° 11.1 N,53Â° 31.1 W,Fast station,104.0,2.754,3.0297,33.5355,1027.231,0.09,2.86,0.0,Seabird SBE19plus
2020-11-08,44143,69Â° 11.1 N,53Â° 31.1 W,Fast station,105.0,2.758,3.0301,33.5353,1027.2352,0.1,2.923,0.0,Seabird SBE19plus
2020-11-08,44143,69Â° 11.1 N,53Â° 31.1 W,Fast station,106.0,2.759,3.0312,33.5472,1027.2493,0.09,2.958,0.0,Seabird SBE19plus
2020-11-08,44143,69Â° 11.1 N,53Â° 31.1 W,Fast station,107.0,2.762,3.0319,33.551,1027.2568,0.09,2.942,0.0,Seabird SBE19plus
2020-11-08,44143,69Â° 11.1 N,53Â° 31.1 W,Fast station,108.0,2.768,3.0334,33.5634,1027.2709,0.1,2.761,0.0,Seabird SBE19plus
2020-11-08,44143,69Â° 11.1 N,53Â° 31.1 W,Fast station,109.0,2.775,3.0347,33.5714,1027.2814,0.09,2.977,0.0,Seabird SBE19plus
2020-11-08,44143,69Â° 11.1 N,53Â° 31.1 W,Fast station,110.0,2.778,3.0357,33.58,1027.2927,0.09,3.109,0.0,Seabird SBE19plus
2020-11-08,44143,69Â° 11.1 N,53Â° 31.1 W,Fast station,111.0,2.777,3.0361,33.5843,1027.3009,0.08,2.976,0.0,Seabird SBE19plus
2022-06-15,15-06-2022,69Â° 11.1 N,53Â° 31.1 W,Fast station,64.0,-0.3546,2.7627,33.4798,1027.205,,5.139,0.03,Seabird SBE19plus
2022-06-15,15-06-2022,69Â° 11.1 N,53Â° 31.1 W,Fast station,65.0,-0.331,2.7656,33.4923,1027.2189,,3.826,0.02,Seabird SBE19plus
2022-06-15,15-06-2022,69Â° 11.1 N,53Â° 31.1 W,Fast station,66.0,-0.3035,2.7675,33.4866,1027.2178,,4.248,0.02,Seabird SBE19plus
2022-06-15,15-06-2022,69Â° 11.1 N,53Â° 31.1 W,Fast station,67.0,-0.2907,2.7687,33.4872,1027.2225,,4.789,0.01,Seabird SBE19plus
2022-06-15,15-06-2022,69Â° 11.1 N,53Â° 31.1 W,Fast station,68.0,-0.2702,2.7715,33.5016,1027.238,,4.554,0.0,Seabird SBE19plus
2022-06-15,15-06-2022,69Â° 11.1 N,53Â° 31.1 W,Fast station,69.0,-0.2276,2.7755,33.5079,1027.2458,,5.69,0.0,Seabird SBE19plus
2022-06-15,15-06-2022,69Â° 11.1 N,53Â° 31.1 W,Fast station,70.0,-0.1961,2.7773,33.4966,1027.24,,4.832,0.0,Seabird SBE19plus
2022-06-15,15-06-2022,69Â° 11.1 N,53Â° 31.1 W,Fast station,71.0,-0.1761,2.7798,33.5068,1027.2521,,5.147,0.0,Seabird SBE19plus
2022-06-15,15-06-2022,69Â° 11.1 N,53Â° 31.1 W,Fast station,72.0,-0.1477,2.7825,33.5111,1027.259,,5.235,0.0,Seabird SBE19plus
2022-06-15,15-06-2022,69Â° 11.1 N,53Â° 31.1 W,Fast station,73.0,-0.1245,2.7851,33.5198,1027.2697,,4.983,0.0,Seabird SBE19plus
2022-06-15,15-06-2022,69Â° 11.1 N,53Â° 31.1 W,Fast station,74.0,-0.1139,2.7853,33.5098,1027.266,,4.591,0.0,Seabird SBE19plus
2022-06-15,15-06-2022,69Â° 11.1 N,53Â° 31.1 W,Fast station,75.0,-0.0837,2.79,33.539,1027.2928,,3.496,0.0,Seabird SBE19plus
2022-06-15,15-06-2022,69Â° 11.1 N,53Â° 31.1 W,Fast station,76.0,-0.0277,2.7948,33.5399,1027.2955,,3.405,0.0,Seabird SBE19plus
2022-06-15,15-06-2022,69Â° 11.1 N,53Â° 31.1 W,Fast station,77.0,-0.0041,2.7962,33.5314,1027.2922,,3.519,0.0,Seabird SBE19plus
2022-06-15,15-06-2022,69Â° 11.1 N,53Â° 31.1 W,Fast station,78.0,0.0049,2.7967,33.5288,1027.2945,,3.51,0.0,Seabird SBE19plus
2022-06-15,15-06-2022,69Â° 11.1 N,53Â° 31.1 W,Fast station,79.0,0.0059,2.7969,33.5296,1027.2999,,3.196,0.0,Seabird SBE19plus
2022-06-15,15-06-2022,69Â° 11.1 N,53Â° 31.1 W,Fast station,80.0,0.0091,2.7976,33.535,1027.3089,,3.384,0.0,Seabird SBE19plus
2022-04-04,44655,69Â° 14'.46 N,53Â° 28.46 W,Vinter station,38.0,-1.7,,33.5757,1027.2047,0.52,,,AML 6
2022-04-04,44655,69Â° 14'.46 N,53Â° 28.46 W,Vinter station,39.0,-1.7,,33.5746,1027.2093,0.46,,,AML 6
2022-04-04,44655,69Â° 14'.46 N,53Â° 28.46 W,Vinter station,40.0,-1.7,,33.5737,1027.2127,0.46,,,AML 6
2022-04-04,44655,69Â° 14'.46 N,53Â° 28.46 W,Vinter station,41.0,-1.7,,33.5741,1027.2183,0.47,,,AML 6
2022-04-04,44655,69Â° 14'.46 N,53Â° 28.46 W,Vinter station,42.0,-1.7,,33.5736,1027.2224,0.45,,,AML 6
2022-04-04,44655,69Â° 14'.46 N,53Â° 28.46 W,Vinter station,43.0,-1.7,,33.5736,1027.2273,0.44,,,AML 6
2022-04-04,44655,69Â° 14'.46 N,53Â° 28.46 W,Vinter station,44.0,-1.7,,33.5743,1027.2327,0.45,,,AML 6
2022-04-04,44655,69Â° 14'.46 N,53Â° 28.46 W,Vinter station,45.0,-1.7,,33.5725,1027.2361,0.44,,,AML 6
2022-04-04,44655,69Â° 14'.46 N,53Â° 28.46 W,Vinter station,46.0,-1.7,,33.5727,1027.2406,0.48,,,AML 6
2022-04-04,44655,69Â° 14'.46 N,53Â° 28.46 W,Vinter station,47.0,-1.7,,33.5736,1027.2467,0.4,,,AML 6
2022-04-04,44655,69Â° 14'.46 N,53Â° 28.46 W,Vinter station,48.0,-1.7,,33.5737,1027.2518,0.44,,,AML 6
2022-04-04,44655,69Â° 14'.46 N,53Â° 28.46 W,Vinter station,49.0,-1.69,,33.573,1027.2558,0.39,,,AML 6
2022-04-04,44655,69Â° 14'.46 N,53Â° 28.46 W,Vinter station,50.0,-1.69,,33.5744,1027.2617,0.37,,,AML 6
2022-04-04,44655,69Â° 14'.46 N,53Â° 28.46 W,Vinter station,51.0,-1.69,,33.5744,1027.2662,0.45,,,AML 6
2022-04-04,44655,69Â° 14'.46 N,53Â° 28.46 W,Vinter station,52.0,-1.69,,33.5756,1027.2721,0.41,,,AML 6
2022-04-04,44655,69Â° 14'.46 N,53Â° 28.46 W,Vinter station,53.0,-1.68,,33.5749,1027.2765,0.41,,,AML 6
2022-04-04,44655,69Â° 14'.46 N,53Â° 28.46 W,Vinter station,54.0,-1.68,,33.5767,1027.2827,0.38,,,AML 6
2022-04-04,44655,69Â° 14'.46 N,53Â° 28.46 W,Vinter station,55.0,-1.68,,33.5755,1027.2866,0.41,,,AML 6
2022-04-04,44655,69Â° 14'.46 N,53Â° 28.46 W,Vinter station,56.0,-1.68,,33.576,1027.2914,0.36,,,AML 6
2022-04-04,44655,69Â° 14'.46 N,53Â° 28.46 W,Vinter station,57.0,-1.68,,33.5761,1027.2969,0.44,,,AML 6
2022-04-04,44655,69Â° 14'.46 N,53Â° 28.46 W,Vinter station,58.0,-1.68,,33.5773,1027.3026,0.42,,,AML 6
2022-04-04,44655,69Â° 14'.46 N,53Â° 28.46 W,Vinter station,59.0,-1.68,,33.5761,1027.3062,0.38,,,AML 6
2018-04-19,43209,69Â° 14.81 N,53Â° 29.55 W,Vinter station,1.0,-1.282,2.7123,33.8562,1027.2368,0.36,0.29,757.78,Seabird SBE19plus
2018-04-19,43209,69Â° 14.81 N,53Â° 29.55 W,Vinter station,56.0,-1.4,2.6768,33.4821,1027.2086,0.27,0.247,1.65,Seabird SBE19plus
2018-04-19,43209,69Â° 14.81 N,53Â° 29.55 W,Vinter station,57.0,-1.382,2.6784,33.4839,1027.2144,0.28,0.183,1.47,Seabird SBE19plus
2018-04-19,43209,69Â° 14.81 N,53Â° 29.55 W,Vinter station,58.0,-1.379,2.6788,33.4853,1027.2203,0.26,0.201,1.32,Seabird SBE19plus
2018-04-19,43209,69Â° 14.81 N,53Â° 29.55 W,Vinter station,59.0,-1.307,2.6879,33.5294,1027.2586,0.29,0.164,1.22,Seabird SBE19plus
2018-04-19,43209,69Â° 14.81 N,53Â° 29.55 W,Vinter station,61.0,-1.338,2.6826,33.4899,1027.2373,0.28,0.173,1.02,Seabird SBE19plus
2018-04-19,43209,69Â° 14.81 N,53Â° 29.55 W,Vinter station,62.0,-1.213,2.6975,33.5532,1027.2894,0.27,0.162,1.0,Seabird SBE19plus
2018-04-19,43209,69Â° 14.81 N,53Â° 29.55 W,Vinter station,63.0,-1.131,2.7038,33.5461,1027.2855,0.26,0.203,0.91,Seabird SBE19plus
2018-04-19,43209,69Â° 14.81 N,53Â° 29.55 W,Vinter station,64.0,-1.072,2.7042,33.4859,1027.2395,0.25,0.197,0.81,Seabird SBE19plus
2018-04-19,43209,69Â° 14.81 N,53Â° 29.55 W,Vinter station,65.0,-1.105,2.7062,33.5493,1027.2969,0.25,0.196,0.73,Seabird SBE19plus
2018-04-19,43209,69Â° 14.81 N,53Â° 29.55 W,Vinter station,66.0,-1.035,2.71,33.5229,1027.2778,0.27,0.198,0.62,Seabird SBE19plus
2018-04-19,43209,69Â° 14.81 N,53Â° 29.55 W,Vinter station,67.0,-1.04,2.7104,33.5326,1027.2907,0.26,0.177,0.52,Seabird SBE19plus
2018-04-19,43209,69Â° 14.81 N,53Â° 29.55 W,Vinter station,68.0,-0.973,2.7168,33.5439,1027.3022,0.24,0.169,0.43,Seabird SBE19plus
2018-04-19,43209,69Â° 14.81 N,53Â° 29.55 W,Vinter station,69.0,-0.973,2.716,33.5322,1027.2976,0.26,0.159,0.37,Seabird SBE19plus
2018-04-19,43209,69Â° 14.81 N,53Â° 29.55 W,Vinter station,70.0,-0.96,2.7176,33.5384,1027.307,0.25,0.195,0.32,Seabird SBE19plus
2018-04-09,43199,69Â° 14.81 N,53Â° 29.55 W,Vinter station,50.0,-1.291,2.6905,33.5522,1027.2328,0.41,0.121,0.0,Seabird SBE19plus
2018-04-09,43199,69Â° 14.81 N,53Â° 29.55 W,Vinter station,51.0,-1.232,2.6936,33.5279,1027.2159,0.34,0.109,0.0,Seabird SBE19plus
2018-04-09,43199,69Â° 14.81 N,53Â° 29.55 W,Vinter station,52.0,-1.207,2.6957,33.5279,1027.22,0.32,0.112,0.0,Seabird SBE19plus
2018-04-09,43199,69Â° 14.81 N,53Â° 29.55 W,Vinter station,53.0,-1.193,2.6969,33.5291,1027.2254,0.31,0.122,0.0,Seabird SBE19plus
2018-04-09,43199,69Â° 14.81 N,53Â° 29.55 W,Vinter station,54.0,-1.178,2.698,33.5261,1027.2273,0.31,0.127,0.0,Seabird SBE19plus
2018-04-09,43199,69Â° 14.81 N,53Â° 29.55 W,Vinter station,55.0,-1.169,2.6986,33.5231,1027.2294,0.33,0.115,0.0,Seabird SBE19plus
2018-04-09,43199,69Â° 14.81 N,53Â° 29.55 W,Vinter station,56.0,-1.156,2.7007,33.5377,1027.2456,0.32,0.109,0.0,Seabird SBE19plus
2018-04-09,43199,69Â° 14.81 N,53Â° 29.55 W,Vinter station,57.0,-1.139,2.7014,33.5269,1027.2412,0.33,0.124,0.0,Seabird SBE19plus
2018-04-09,43199,69Â° 14.81 N,53Â° 29.55 W,Vinter station,58.0,-1.124,2.7032,33.5334,1027.2507,0.32,0.138,0.0,Seabird SBE19plus
2018-04-09,43199,69Â° 14.81 N,53Â° 29.55 W,Vinter station,59.0,-1.111,2.7041,33.5317,1027.2538,0.35,0.111,0.0,Seabird SBE19plus
2018-04-09,43199,69Â° 14.81 N,53Â° 29.55 W,Vinter station,60.0,-1.095,2.7059,33.5371,1027.2624,0.34,0.111,0.0,Seabird SBE19plus
2018-04-09,43199,69Â° 14.81 N,53Â° 29.55 W,Vinter station,61.0,-1.061,2.7094,33.5465,1027.2736,0.29,0.134,0.0,Seabird SBE19plus
2018-04-09,43199,69Â° 14.81 N,53Â° 29.55 W,Vinter station,62.0,-1.037,2.7132,33.5704,1027.2969,0.26,0.089,0.0,Seabird SBE19plus
2018-04-09,43199,69Â° 14.81 N,53Â° 29.55 W,Vinter station,64.0,-0.818,2.7322,33.5829,1027.3084,0.27,0.105,0.0,Seabird SBE19plus
2018-04-09,43199,69Â° 14.81 N,53Â° 29.55 W,Vinter station,65.0,-0.788,2.7332,33.5622,1027.2953,0.28,0.145,0.0,Seabird SBE19plus
2018-04-09,43199,69Â° 14.81 N,53Â° 29.55 W,Vinter station,66.0,-0.787,2.734,33.5717,1027.3077,0.27,0.135,0.0,Seabird SBE19plus
2020-08-02,44045,69Â° 11.1 N,53Â° 31.1 W,Fast station,54.0,1.356,2.9196,33.6701,1027.211,0.14,0.213,0.0,Seabird SBE19plus
2020-08-02,44045,69Â° 11.1 N,53Â° 31.1 W,Fast station,55.0,1.349,2.9196,33.6764,1027.2213,0.14,0.198,0.0,Seabird SBE19plus
2020-08-02,44045,69Â° 11.1 N,53Â° 31.1 W,Fast station,56.0,1.325,2.9191,33.6966,1027.244,0.13,0.233,0.0,Seabird SBE19plus
2020-08-02,44045,69Â° 11.1 N,53Â° 31.1 W,Fast station,57.0,1.318,2.9199,33.7126,1027.2621,0.13,0.201,0.0,Seabird SBE19plus
2020-08-02,44045,69Â° 11.1 N,53Â° 31.1 W,Fast station,58.0,1.319,2.9205,33.7195,1027.2724,0.13,0.218,0.0,Seabird SBE19plus
2020-08-02,44045,69Â° 11.1 N,53Â° 31.1 W,Fast station,59.0,1.32,2.9216,33.732,1027.2871,0.13,0.192,0.0,Seabird SBE19plus
2020-08-02,44045,69Â° 11.1 N,53Â° 31.1 W,Fast station,60.0,1.326,2.923,33.7424,1027.2998,0.12,0.189,0.0,Seabird SBE19plus
2020-08-02,44045,69Â° 11.1 N,53Â° 31.1 W,Fast station,61.0,1.33,2.9236,33.7451,1027.3064,0.11,0.178,0.0,Seabird SBE19plus
2018-05-11,43231,69Â° 14.81 N,53Â° 29.55 W,Vinter station,46.0,-0.691,2.7422,33.5891,1027.221,0.37,0.159,0.08,Seabird SBE19plus
2018-05-11,43231,69Â° 14.81 N,53Â° 29.55 W,Vinter station,50.0,-0.589,2.7497,33.5729,1027.2229,0.26,0.214,0.07,Seabird SBE19plus
2018-05-11,43231,69Â° 14.81 N,53Â° 29.55 W,Vinter station,51.0,-0.563,2.7506,33.5555,1027.2127,0.14,0.277,0.07,Seabird SBE19plus
2018-05-11,43231,69Â° 14.81 N,53Â° 29.55 W,Vinter station,52.0,-0.561,2.7512,33.5609,1027.2218,0.14,0.25,0.07,Seabird SBE19plus
2018-05-11,43231,69Â° 14.81 N,53Â° 29.55 W,Vinter station,53.0,-0.544,2.7572,33.6219,1027.2751,0.16,0.3,0.07,Seabird SBE19plus
2018-05-11,43231,69Â° 14.81 N,53Â° 29.55 W,Vinter station,54.0,-0.504,2.7568,33.5725,1027.2383,0.12,0.243,0.07,Seabird SBE19plus
2018-05-11,43231,69Â° 14.81 N,53Â° 29.55 W,Vinter station,55.0,-0.471,2.7597,33.5745,1027.2432,0.14,0.246,0.07,Seabird SBE19plus
2018-05-11,43231,69Â° 14.81 N,53Â° 29.55 W,Vinter station,56.0,-0.421,2.7641,33.5779,1027.2486,0.09,0.23,0.07,Seabird SBE19plus
2018-05-11,43231,69Â° 14.81 N,53Â° 29.55 W,Vinter station,57.0,-0.437,2.7628,33.5767,1027.2532,0.12,0.244,0.07,Seabird SBE19plus
2018-05-11,43231,69Â° 14.81 N,53Â° 29.55 W,Vinter station,58.0,-0.403,2.7673,33.5981,1027.2738,0.11,0.234,0.07,Seabird SBE19plus
2018-05-11,43231,69Â° 14.81 N,53Â° 29.55 W,Vinter station,59.0,-0.355,2.7705,33.5873,1027.2676,0.14,0.247,0.07,Seabird SBE19plus
2018-05-11,43231,69Â° 14.81 N,53Â° 29.55 W,Vinter station,60.0,-0.343,2.7717,33.5903,1027.2743,0.12,0.239,0.07,Seabird SBE19plus
2018-05-11,43231,69Â° 14.81 N,53Â° 29.55 W,Vinter station,61.0,-0.326,2.7739,33.5994,1027.2857,0.13,0.25,0.07,Seabird SBE19plus
2018-05-11,43231,69Â° 14.81 N,53Â° 29.55 W,Vinter station,62.0,-0.228,2.7828,33.6089,1027.2935,0.17,0.291,0.06,Seabird SBE19plus
2018-05-11,43231,69Â° 14.81 N,53Â° 29.55 W,Vinter station,63.0,-0.125,2.7914,33.6102,1027.2944,0.14,0.276,0.05,Seabird SBE19plus
2018-05-11,43231,69Â° 14.81 N,53Â° 29.55 W,Vinter station,65.0,-0.066,2.797,33.6176,1027.3071,0.12,0.265,0.04,Seabird SBE19plus
2018-05-11,43231,69Â° 14.81 N,53Â° 29.55 W,Vinter station,66.0,-0.073,2.7898,33.5293,1027.2409,0.1,0.229,0.04,Seabird SBE19plus
2018-05-11,43231,69Â° 14.81 N,53Â° 29.55 W,Vinter station,68.0,-0.625,2.7452,33.5423,1027.2869,0.12,0.21,0.04,Seabird SBE19plus
2019-10-30,43768,69Â° 11.1 N,53Â° 31.1 W,Fast station,105.0,2.831,3.0343,33.5109,1027.2092,0.26,0.06,0.0,Seabird SBE19plus
2019-10-30,43768,69Â° 11.1 N,53Â° 31.1 W,Fast station,106.0,2.775,3.0296,33.5112,1027.2192,0.25,0.047,0.0,Seabird SBE19plus
2019-10-30,43768,69Â° 11.1 N,53Â° 31.1 W,Fast station,107.0,2.748,3.0282,33.5213,1027.2344,0.23,0.077,0.0,Seabird SBE19plus
2019-10-30,43768,69Â° 11.1 N,53Â° 31.1 W,Fast station,108.0,2.708,3.0237,33.5072,1027.2315,0.22,0.063,0.0,Seabird SBE19plus
2019-10-30,43768,69Â° 11.1 N,53Â° 31.1 W,Fast station,109.0,2.663,3.0217,33.5288,1027.2573,0.23,0.08,0.0,Seabird SBE19plus
2019-10-30,43768,69Â° 11.1 N,53Â° 31.1 W,Fast station,110.0,2.639,3.0202,33.5356,1027.2696,0.22,0.082,0.0,Seabird SBE19plus
2019-10-30,43768,69Â° 11.1 N,53Â° 31.1 W,Fast station,111.0,2.629,3.0193,33.5339,1027.2738,0.21,0.06,0.0,Seabird SBE19plus
2019-10-30,43768,69Â° 11.1 N,53Â° 31.1 W,Fast station,112.0,2.61,3.0185,33.5434,1027.2878,0.21,0.083,0.0,Seabird SBE19plus
2019-10-30,43768,69Â° 11.1 N,53Â° 31.1 W,Fast station,113.0,2.608,3.0182,33.5408,1027.2906,0.22,0.056,0.0,Seabird SBE19plus
2020-05-22,43973,69Â° 11.1 N,53Â° 31.1 W,Fast station,53.0,0.018,2.7993,33.5635,1027.2013,10.51,0.957,0.0,Seabird SBE19plus
2020-05-22,43973,69Â° 11.1 N,53Â° 31.1 W,Fast station,54.0,0.048,2.8029,33.5776,1027.2159,9.53,1.047,0.0,Seabird SBE19plus
2020-05-22,43973,69Â° 11.1 N,53Â° 31.1 W,Fast station,55.0,0.095,2.8086,33.6012,1027.2374,7.92,0.921,0.0,Seabird SBE19plus
2020-05-22,43973,69Â° 11.1 N,53Â° 31.1 W,Fast station,56.0,0.115,2.812,33.6235,1027.2591,5.6,0.676,0.0,Seabird SBE19plus
2020-05-22,43973,69Â° 11.1 N,53Â° 31.1 W,Fast station,57.0,0.158,2.8162,33.6313,1027.2679,3.62,0.557,0.0,Seabird SBE19plus
2020-05-22,43973,69Â° 11.1 N,53Â° 31.1 W,Fast station,58.0,0.183,2.8186,33.6333,1027.273,2.88,0.527,0.0,Seabird SBE19plus
2020-05-22,43973,69Â° 11.1 N,53Â° 31.1 W,Fast station,59.0,0.242,2.8249,33.6511,1027.289,3.11,0.558,0.0,Seabird SBE19plus
2020-05-22,43973,69Â° 11.1 N,53Â° 31.1 W,Fast station,60.0,0.284,2.828,33.6461,1027.2874,2.18,0.541,0.0,Seabird SBE19plus
2020-05-22,43973,69Â° 11.1 N,53Â° 31.1 W,Fast station,61.0,0.275,2.8268,33.6389,1027.2869,2.1,0.507,0.0,Seabird SBE19plus
2020-05-22,43973,69Â° 11.1 N,53Â° 31.1 W,Fast station,62.0,0.247,2.8242,33.6355,1027.2906,2.17,0.485,0.0,Seabird SBE19plus
2022-12-11,44906,69Â° 11.1 N,53Â° 31.1 W,Fast station,109.0,2.2726,2.979706,33.4201,1027.2035,0.06,0.186,0.0,Seabird SBE19plus
2022-12-11,44906,69Â° 11.1 N,53Â° 31.1 W,Fast station,110.0,2.2388,2.978129,33.4355,1027.2234,0.07,0.175,0.0,Seabird SBE19plus
2022-12-11,44906,69Â° 11.1 N,53Â° 31.1 W,Fast station,111.0,2.2299,2.977666,33.4386,1027.2313,0.07,0.171,0.0,Seabird SBE19plus
2022-12-11,44906,69Â° 11.1 N,53Â° 31.1 W,Fast station,112.0,2.2012,2.974497,33.4289,1027.2306,0.06,0.204,0.0,Seabird SBE19plus
2022-12-11,44906,69Â° 11.1 N,53Â° 31.1 W,Fast station,113.0,2.1192,2.968043,33.4343,1027.2463,0.07,0.184,0.0,Seabird SBE19plus
2022-12-11,44906,69Â° 11.1 N,53Â° 31.1 W,Fast station,114.0,2.0093,2.959867,33.4477,1027.2706,0.07,0.207,0.0,Seabird SBE19plus
2022-12-11,44906,69Â° 11.1 N,53Â° 31.1 W,Fast station,115.0,1.9365,2.956341,33.48,1027.3069,0.06,0.223,0.0,Seabird SBE19plus
2018-05-15,43235,69Â° 14.81 N,53Â° 29.55 W,Vinter station,51.0,-0.646,2.743,33.5466,1027.209,0.19,0.215,0.0,Seabird SBE19plus
2018-05-15,43235,69Â° 14.81 N,53Â° 29.55 W,Vinter station,52.0,-0.636,2.743,33.5346,1027.2037,0.2,0.223,0.0,Seabird SBE19plus
2018-05-15,43235,69Â° 14.81 N,53Â° 29.55 W,Vinter station,53.0,-0.639,2.7437,33.5453,1027.2172,0.21,0.189,0.0,Seabird SBE19plus
2018-05-15,43235,69Â° 14.81 N,53Â° 29.55 W,Vinter station,54.0,-0.63,2.7451,33.5543,1027.2291,0.18,0.233,0.0,Seabird SBE19plus
2018-05-15,43235,69Â° 14.81 N,53Â° 29.55 W,Vinter station,55.0,-0.618,2.7461,33.553,1027.2323,0.15,0.209,0.0,Seabird SBE19plus
2018-05-15,43235,69Â° 14.81 N,53Â° 29.55 W,Vinter station,56.0,-0.615,2.746,33.549,1027.2338,0.15,0.204,0.0,Seabird SBE19plus
2018-05-15,43235,69Â° 14.81 N,53Â° 29.55 W,Vinter station,57.0,-0.623,2.7452,33.5462,1027.2367,0.27,0.19,0.0,Seabird SBE19plus
2018-05-15,43235,69Â° 14.81 N,53Â° 29.55 W,Vinter station,58.0,-0.62,2.7483,33.583,1027.2712,0.14,0.202,0.0,Seabird SBE19plus
2018-05-15,43235,69Â° 14.81 N,53Â° 29.55 W,Vinter station,59.0,-0.589,2.7492,33.5613,1027.2572,0.12,0.206,0.0,Seabird SBE19plus
2018-05-15,43235,69Â° 14.81 N,53Â° 29.55 W,Vinter station,60.0,-0.608,2.7467,33.5468,1027.251,0.13,0.174,0.0,Seabird SBE19plus
2018-05-15,43235,69Â° 14.81 N,53Â° 29.55 W,Vinter station,61.0,-0.63,2.7461,33.5637,1027.2706,0.19,0.232,0.0,Seabird SBE19plus
2018-05-15,43235,69Â° 14.81 N,53Â° 29.55 W,Vinter station,62.0,-0.629,2.7458,33.5582,1027.2708,0.15,0.21,0.0,Seabird SBE19plus
2018-05-15,43235,69Â° 14.81 N,53Â° 29.55 W,Vinter station,63.0,-0.652,2.744,33.559,1027.2773,0.21,0.212,0.0,Seabird SBE19plus
2018-05-15,43235,69Â° 14.81 N,53Â° 29.55 W,Vinter station,64.0,-0.666,2.7434,33.566,1027.2884,0.15,0.203,0.0,Seabird SBE19plus
2018-04-05,43195,69Â° 14.81 N,53Â° 29.55 W,Vinter station,52.0,-1.449,2.6738,33.4983,1027.2039,0.31,0.09,0.0,Seabird SBE19plus
2018-04-05,43195,69Â° 14.81 N,53Â° 29.55 W,Vinter station,53.0,-1.436,2.675,33.5001,1027.2098,0.32,0.113,0.0,Seabird SBE19plus
2018-04-05,43195,69Â° 14.81 N,53Â° 29.55 W,Vinter station,54.0,-1.423,2.6766,33.506,1027.219,0.29,0.113,0.0,Seabird SBE19plus
2018-04-05,43195,69Â° 14.81 N,53Â° 29.55 W,Vinter station,55.0,-1.41,2.6778,33.5075,1027.2247,0.31,0.163,0.0,Seabird SBE19plus
2018-04-05,43195,69Â° 14.81 N,53Â° 29.55 W,Vinter station,56.0,-1.381,2.6817,33.5296,1027.2465,0.28,0.071,0.0,Seabird SBE19plus
2018-04-05,43195,69Â° 14.81 N,53Â° 29.55 W,Vinter station,57.0,-1.347,2.684,33.5211,1027.2434,0.3,0.125,0.0,Seabird SBE19plus
2018-04-05,43195,69Â° 14.81 N,53Â° 29.55 W,Vinter station,58.0,-1.323,2.6858,33.518,1027.2451,0.29,0.112,0.0,Seabird SBE19plus
2018-04-05,43195,69Â° 14.81 N,53Â° 29.55 W,Vinter station,59.0,-1.308,2.6869,33.5164,1027.248,0.29,0.112,0.0,Seabird SBE19plus
2018-04-05,43195,69Â° 14.81 N,53Â° 29.55 W,Vinter station,60.0,-1.296,2.6882,33.5189,1027.2545,0.29,0.104,0.0,Seabird SBE19plus
2018-04-05,43195,69Â° 14.81 N,53Â° 29.55 W,Vinter station,61.0,-1.285,2.6894,33.5223,1027.2618,0.3,0.12,0.0,Seabird SBE19plus
2018-04-05,43195,69Â° 14.81 N,53Â° 29.55 W,Vinter station,62.0,-1.266,2.691,33.5232,1027.2668,0.32,0.148,0.0,Seabird SBE19plus
2018-04-05,43195,69Â° 14.81 N,53Â° 29.55 W,Vinter station,63.0,-1.251,2.6934,33.5383,1027.2834,0.28,0.112,0.0,Seabird SBE19plus
2018-04-05,43195,69Â° 14.81 N,53Â° 29.55 W,Vinter station,64.0,-1.213,2.6985,33.5653,1027.3088,0.27,0.125,0.0,Seabird SBE19plus
2018-04-05,43195,69Â° 14.81 N,53Â° 29.55 W,Vinter station,68.0,-0.944,2.7194,33.5465,1027.3032,0.24,0.111,0.0,Seabird SBE19plus
2022-09-09,44813,69Â° 11.1 N,53Â° 31.1 W,Fast station,87.0,2.2027,2.982597,33.542,1027.2021,0.12,0.201,0.0,Seabird SBE19plus
2022-09-09,44813,69Â° 11.1 N,53Â° 31.1 W,Fast station,88.0,2.2627,2.989599,33.5651,1027.2204,0.11,0.215,0.0,Seabird SBE19plus
2022-09-09,44813,69Â° 11.1 N,53Â° 31.1 W,Fast station,89.0,2.3468,2.995445,33.5483,1027.2048,0.11,0.198,0.0,Seabird SBE19plus
2022-09-09,44813,69Â° 11.1 N,53Â° 31.1 W,Fast station,90.0,2.4112,3.002662,33.5693,1027.221,0.11,0.201,0.0,Seabird SBE19plus
2022-09-09,44813,69Â° 11.1 N,53Â° 31.1 W,Fast station,91.0,2.4574,3.007475,33.5795,1027.23,0.12,0.187,0.0,Seabird SBE19plus
2022-09-09,44813,69Â° 11.1 N,53Â° 31.1 W,Fast station,92.0,2.4681,3.00669,33.5581,1027.2168,0.12,0.193,0.0,Seabird SBE19plus
2022-09-09,44813,69Â° 11.1 N,53Â° 31.1 W,Fast station,94.0,2.1198,2.972745,33.5031,1027.2109,0.12,0.186,0.0,Seabird SBE19plus
2022-09-09,44813,69Â° 11.1 N,53Â° 31.1 W,Fast station,95.0,1.9962,2.963787,33.5212,1027.24,0.12,0.208,0.0,Seabird SBE19plus
2022-09-09,44813,69Â° 11.1 N,53Â° 31.1 W,Fast station,97.0,1.4673,2.917138,33.4949,1027.2681,0.12,0.183,0.0,Seabird SBE19plus
2022-09-09,44813,69Â° 11.1 N,53Â° 31.1 W,Fast station,98.0,1.4398,2.917367,33.5265,1027.3002,0.12,0.218,0.0,Seabird SBE19plus
2018-10-13,43386,69Â° 11.1 N,53Â° 31.1 W,Fast station,95.0,1.644,2.9282,33.4485,1027.2086,0.15,0.175,0.0,Seabird SBE19plus
2018-10-13,43386,69Â° 11.1 N,53Â° 31.1 W,Fast station,96.0,1.628,2.9273,33.4529,1027.218,0.15,0.165,0.0,Seabird SBE19plus
2018-10-13,43386,69Â° 11.1 N,53Â° 31.1 W,Fast station,97.0,1.617,2.9268,33.4575,1027.2273,0.12,0.212,0.0,Seabird SBE19plus
2018-10-13,43386,69Â° 11.1 N,53Â° 31.1 W,Fast station,98.0,1.615,2.9263,33.4537,1027.2292,0.12,0.148,0.0,Seabird SBE19plus
2018-10-13,43386,69Â° 11.1 N,53Â° 31.1 W,Fast station,99.0,1.594,2.9252,33.4607,1027.241,0.13,0.213,0.0,Seabird SBE19plus
2018-10-13,43386,69Â° 11.1 N,53Â° 31.1 W,Fast station,100.0,1.581,2.9246,33.4668,1027.2516,0.13,0.181,0.0,Seabird SBE19plus
2018-10-13,43386,69Â° 11.1 N,53Â° 31.1 W,Fast station,101.0,1.571,2.9242,33.4716,1027.261,0.13,0.21,0.0,Seabird SBE19plus
2018-10-13,43386,69Â° 11.1 N,53Â° 31.1 W,Fast station,102.0,1.568,2.9238,33.4687,1027.2637,0.13,0.204,0.0,Seabird SBE19plus
2018-10-13,43386,69Â° 11.1 N,53Â° 31.1 W,Fast station,103.0,1.564,2.9239,33.4733,1027.2724,0.12,0.183,0.0,Seabird SBE19plus
2018-10-13,43386,69Â° 11.1 N,53Â° 31.1 W,Fast station,104.0,1.564,2.9243,33.4785,1027.2814,0.12,0.169,0.0,Seabird SBE19plus
2018-10-13,43386,69Â° 11.1 N,53Â° 31.1 W,Fast station,105.0,1.564,2.9244,33.4795,1027.287,0.12,0.191,0.0,Seabird SBE19plus
2018-10-13,43386,69Â° 11.1 N,53Â° 31.1 W,Fast station,106.0,1.564,2.9246,33.4816,1027.2934,0.11,0.155,0.0,Seabird SBE19plus
2018-10-13,43386,69Â° 11.1 N,53Â° 31.1 W,Fast station,107.0,1.565,2.9247,33.481,1027.2976,0.12,0.158,0.0,Seabird SBE19plus
2018-10-13,43386,69Â° 11.1 N,53Â° 31.1 W,Fast station,108.0,1.551,2.9232,33.4762,1027.2996,0.12,0.205,0.0,Seabird SBE19plus
