date,discharge,error,coverage
2018-01-01,37.60226821821013,3.41518595445767,0.5310340615846834
2018-01-02,37.53194582626743,3.408743233239118,0.0
2018-01-03,37.46162523353286,3.402300512020566,1.0
2018-01-04,37.49219544462681,3.4049916803288607,0.9955315268909724
2018-01-05,37.42383136520751,3.3986403026925034,1.0
2018-01-06,37.38834927424843,3.395828441383983,0.0
2018-01-11,37.210948346549394,3.3817691348413805,0.6930211854373347
2018-01-13,37.18046640827593,3.3812787752717504,0.0
2018-01-14,37.16522563013995,3.381033595486935,1.0
2018-01-15,37.27521942774167,3.3931611519047244,0.9745467452637177
2018-01-17,37.23163387084914,3.391531126749594,1.0
2018-01-23,36.896948758126086,3.3587781792255997,0.8499162783579467
2018-01-24,36.81680725137101,3.353844405623178,0.0
2018-01-25,36.73666717860231,3.3489106320207567,0.9999182625444092
2018-01-26,36.81090143725305,3.3578619492727144,0.9954292866306106
2018-01-29,36.55558035786356,3.3423867570271937,1.0
2018-02-01,36.28544310544192,3.314359233127967,0.9315584214451588
2018-02-04,36.02391911309615,3.286919411700353,0.9733989810799302
2018-02-05,35.96923834200877,3.2826690825922173,1.0
2018-02-06,36.10469677296259,3.2956072915875763,0.9901511875111088
2018-02-10,35.90177614760697,3.2791672503034217,1.0
2018-02-15,35.52593712246898,3.2449478096624143,0.9736182683471812
2018-02-16,35.47671455139696,3.2407517949610103,0.963413762020579
2018-02-17,35.656036774044985,3.257841186766089,0.9805538864782144
2018-02-22,35.86229002301388,3.2846313081046774,1.0
2018-02-26,35.66054344375367,3.2672949997511185,0.0
2018-02-27,35.61010944267492,3.262960922662729,0.9526876751584406
2018-02-28,35.7243038700327,3.2742775177943946,1.0
2018-03-01,35.69064870786283,3.270686940784693,0.986916742868804
2018-03-06,35.54077466514612,3.254381675337112,1.0
2018-03-10,35.60523479263267,3.263262201504947,0.9473567514793804
2018-03-12,35.67507385360246,3.2714149393874594,0.9047534503665482
2018-03-15,35.66375605768656,3.2691998461897644,1.0
2018-03-18,35.5780210645611,3.2595219996065428,1.0
2018-03-21,35.47634057851278,3.250552393850428,0.9489038702407228
2018-03-24,35.365411263282994,3.2406451253798907,0.8292784198994898
2018-03-26,35.33066969422762,3.2353364167919008,0.0
2018-03-29,35.278562066935976,3.227373353909916,0.0
2018-03-30,35.261194118183134,3.2247189996159213,0.9965435219256986
2018-04-01,35.16938347936772,3.216513037173726,1.0
2018-04-05,34.96901304896642,3.1987523219333034,0.9899609004470922
2018-04-11,34.760727020134155,3.181152260174757,1.0
2018-04-12,34.75031315411534,3.180394816208164,0.6240102328187137
2018-04-15,34.727212332348834,3.1788988210570066,0.9929388863289602
2018-04-17,34.73888097953797,3.1804296686332845,0.9360105238535336
2018-04-22,34.588189096740265,3.1626219732142213,0.0
2018-04-23,34.55805370781386,3.159060434130409,1.0
2018-04-24,34.53564301182994,3.157049633984175,0.0
2018-04-25,34.51323277069149,3.1550388338379416,0.0
2018-04-26,34.490822984398505,3.153028033691708,0.0
2018-04-28,34.446004776348936,3.1490064333992405,0.0
2018-04-29,34.42359635459235,3.146995633253007,0.9884833091790328
2018-04-30,34.407764342680125,3.1465303496232067,0.0
2018-05-01,34.3919326278239,3.1460650659934064,0.962960273174975
2018-05-02,34.38969952336519,3.146884635745504,0.0
2018-05-03,34.38746638072925,3.1477042054976008,0.0
2018-05-04,34.38523319991609,3.148523775249698,0.801201822198306
2018-05-05,34.38582658822894,3.149820581281029,1.0
2018-05-11,34.56752747244157,3.175279152825996,0.5670061337934607
2018-05-12,34.58661441033081,3.177217217814772,0.0
2018-05-13,34.60570082678758,3.179155282803548,0.0
2018-05-15,34.6438720954037,3.1830314127811,1.0
2018-05-16,34.67642340041096,3.1859934910718133,0.0
2018-05-17,34.70897396658559,3.188955569362527,1.0
2018-05-18,34.721594020113834,3.1904385836493465,0.0
2018-05-19,34.73421347812398,3.1919215979361666,0.0
2018-05-20,34.746832340616024,3.193404612222986,0.0
2018-05-22,34.77206827904582,3.196370640796625,0.0
2018-05-23,34.78468535498357,3.197853655083445,0.9953053778083168
2018-05-26,34.73195011810027,3.186739415594092,0.6467061731134263
2018-05-27,34.715161427896064,3.1832334909194286,0.0
2018-05-28,34.69837350470608,3.179727566244765,0.0
2018-05-29,34.6815863485303,3.176221641570103,0.9781712849290044
2018-05-31,34.77040898119017,3.183523664226362,0.0
2018-06-01,34.81481926718949,3.187174675554492,1.0
2018-06-02,34.84655026735352,3.1897204495370084,0.0
2018-06-03,34.8782808978843,3.192266223519525,0.0
2018-06-04,34.91001115878184,3.1948119975020424,0.9953839074260916
2018-06-05,34.91323107281698,3.1943505226456685,0.0
2018-06-06,34.91645148063654,3.193889047789295,0.9808322305406438
2018-06-07,34.933367771429104,3.1948474164813967,0.0
2018-06-10,34.98411747841843,3.1977225225577004,1.0
2018-06-14,35.282132803811294,3.233188592668099,0.0
2018-06-15,35.356631543299635,3.242055110195699,1.0
2018-06-16,35.42664491503854,3.250549640515498,0.9993689268477668
2018-06-17,35.479109318757324,3.2552915303700187,0.991125916892117
2018-06-18,35.51637165540854,3.2583909926332644,0.0
2018-06-19,35.55363339313642,3.2614904548965096,0.0
2018-06-20,35.590894531940975,3.264589917159755,0.0
2018-06-21,35.628155071822185,3.267689379423001,0.0
2018-06-22,35.66541501278006,3.270788841686246,1.0
2018-06-24,35.649300580824885,3.267577858321032,0.0
2018-06-25,35.64124446515722,3.265972366638425,0.0
2018-06-27,35.62513443444172,3.2627613832732107,0.0
2018-06-28,35.617080519393895,3.261155891590604,1.0
2018-06-29,35.56927505349818,3.2570274478634635,0.0
2018-06-30,35.52147109721905,3.2528990041363235,0.0
2018-07-01,35.4736686505565,3.248770560409183,1.0
2018-07-03,35.42238333781877,3.243626305386023,0.0
2018-07-04,35.396742113237096,3.241054177874443,1.0
2018-07-06,35.16674400845474,3.2253584857231488,0.0
2018-07-07,35.05174806159507,3.217510639647501,0.0
2018-07-08,34.936754185089725,3.2096627935718547,0.0
2018-07-09,34.82176237893872,3.2018149474962074,0.993639438064698
2018-07-10,34.75789601002311,3.1982799327833416,0.9511278638810564
2018-07-15,34.9968103210274,3.2142068674827216,1.0
2018-07-16,35.057872825330506,3.218235500512449,1.0
2018-07-17,35.16808809582473,3.2263139315621605,0.5859874562597318
2018-07-18,35.340500140000714,3.238972251803912,0.0
2018-07-20,35.685312636717,3.2642888922874143,0.9906293299599376
2018-07-21,35.72204587400997,3.2687182632065777,0.0
2018-07-22,35.75877736608203,3.273147634125741,1.0
2018-07-23,35.86252719023067,3.279876142478868,0.0
2018-07-24,35.96627480279529,3.286604650831995,0.0
2018-07-25,36.07002020377589,3.293333159185122,0.0
2018-07-27,36.27750437098505,3.306790175891376,0.9986656189577794
2018-07-28,36.3777302438015,3.313904329630744,1.0
2018-08-01,36.89969098550376,3.3564925604214984,1.0
2018-08-02,37.02495684872376,3.366933672109578,0.9980947470985616
2018-08-03,37.1601551020846,3.3780195256424976,0.9722843403849036
2018-08-06,37.273516578402045,3.378898609889552,0.0
2018-08-07,37.311303260458025,3.379191637971904,0.999112164293707
2018-08-08,37.31891210380976,3.377129575179079,0.0
2018-08-09,37.32652124190914,3.3750675123862552,1.0
2018-08-10,37.3765790941772,3.378274220090713,0.0
2018-08-15,37.62684924645302,3.3943077586130026,1.0
2018-08-16,37.68278826129562,3.398464963400317,0.0
2018-08-18,37.79466210409024,3.4067793729749445,0.0
2018-08-19,37.85059693204224,3.410936577762258,1.0
2018-08-20,37.97145296791517,3.42000367007074,0.0
2018-08-21,38.09230610651189,3.4290707623792223,1.0
2018-08-23,38.32932510724812,3.4485762254937167,0.0
2018-08-24,38.44783038420346,3.458328957050964,0.9783150041259154
2018-08-25,38.53910798855661,3.4662078662504947,0.0
2018-08-26,38.63038346832011,3.4740867754500258,0.0
2018-08-27,38.72165682349396,3.481965684649557,0.4522564708214887
2018-08-29,38.856802865371606,3.492953106865416,0.9390554976135058
2018-08-30,38.90081398213591,3.4972109949134835,0.0
2018-09-01,38.98883269493678,3.50572677100962,1.0
2018-09-02,39.01265179325359,3.508383301824573,0.6079815603330176
2018-09-03,39.07587801257005,3.516334661918572,0.0
2018-09-04,39.13910218591693,3.5242860220125705,0.9586380996987708
2018-09-05,39.168722330437866,3.5290443896866672,0.0
2018-09-07,39.227959073984906,3.5385611250348616,0.0
2018-09-08,39.25757567301101,3.543319492708959,0.396453150533722
2018-09-09,39.276656350239456,3.547652298417928,0.9975031541528284
2018-09-10,39.30714457198029,3.5528662152264543,0.0
2018-09-11,39.33763149656493,3.5580801320349806,0.0
2018-09-12,39.36811712399339,3.5632940488435065,0.0
2018-09-14,39.42908448738174,3.573721882460559,0.6631661990018299
2018-09-15,39.4293401619769,3.5742540637304137,1.0
2018-09-20,39.39043046305151,3.575380213518769,1.0
2018-09-21,39.3957580807806,3.5768932029945817,0.0
2018-09-26,39.422388831970345,3.5844581503736457,0.6640708756129989
2018-10-01,39.194771722710485,3.559873259114492,0.9997676703962964
2018-10-02,39.14260553459055,3.554549815990482,0.5943141396027409
2018-10-08,38.90725601826553,3.532163340852427,1.0
2018-10-12,38.7237458564516,3.5152848614275376,0.9992685723754108
2018-10-13,38.68000642430823,3.511157049277503,0.0
2018-10-14,38.636268224578906,3.5070292371274685,0.9897368691617298
2018-10-15,38.5834489695124,3.501594846649882,1.0
2018-10-20,37.79992396424922,3.4307139993740647,1.0
2018-10-23,37.78160359721536,3.4349529995455783,0.9993562734419366
2018-10-24,37.77057600223373,3.4361652776726404,0.0
2018-10-26,37.748519243510216,3.4385898339267644,0.9558801157122354
2018-11-01,37.68348292206916,3.4441289371472403,1.0
2018-11-03,37.52104450534561,3.4328217761978497,0.9462947666071952
2018-11-07,37.20019843774318,3.409995931389392,0.9843512778976016
2018-11-10,37.02109277313978,3.394141957476218,0.0
2018-11-13,36.84199830612612,3.378287983563044,0.9999999999999998
2018-11-14,36.759893664745576,3.372477457657824,0.9932030281615816
2018-11-15,36.669974824631936,3.365771117245294,0.0
2018-11-19,36.31031971109668,3.338945755595176,0.9069536957517692
2018-11-25,35.98220887329982,3.317436766438985,1.0
2018-11-26,35.944477692229135,3.314388174615722,0.0
2018-12-01,35.755836936153365,3.2991452154994043,1.0
2018-12-07,35.73748720604261,3.3006821173149983,0.9377021679857708
2018-12-13,35.4825090840519,3.272817325559091,0.6756267705267514
2018-12-15,35.40965179495621,3.2643615995643978,0.0
2018-12-19,35.263952146465094,3.247450147575012,1.0
2018-12-20,35.2277239681584,3.244055336603371,0.0
2018-12-25,35.046596671078994,3.2270812817451677,0.6948146461692537
2018-12-28,34.98308379005439,3.2212759962127464,0.0
2018-12-29,34.9619137950237,3.219340901035273,0.0
2018-12-30,34.94074428264842,3.217405805857799,0.0
2018-12-31,34.91957525292857,3.215470710680326,1.0
2019-01-01,34.93171321646557,3.217549676109337,1.0
2019-01-02,34.93987651786163,3.219518464230063,0.994186047787922
2019-01-03,34.95026404969442,3.221567196889856,0.0
2019-01-04,34.96065101117443,3.2236159295496485,0.0
2019-01-06,34.981423223076135,3.227713394869234,0.973481899592959
2019-01-07,35.01209987768113,3.2313824181582818,0.0
2019-01-12,35.16547079352421,3.249727534603522,1.0
2019-01-13,35.092324301226256,3.241786768949634,0.9731100816857426
2019-01-18,34.70867522378917,3.2004571639289785,0.967556598801279
2019-01-22,34.55446881162777,3.185510986669966,0.0
2019-01-24,34.477371855450535,3.17803789804046,1.0
2019-01-30,34.45643447373353,3.1738584864475303,0.921600026265091
2019-02-01,34.50857288440148,3.1808675958497026,0.98021742754818
2019-02-04,34.58947304198971,3.191813522343353,0.99647679758028
2019-02-05,34.613103341242784,3.195161111352947,1.0
2019-02-11,34.54241411824405,3.182026339009453,0.9798086828152124
2019-02-13,34.56075695841719,3.186599314292715,0.0
2019-02-15,34.57909774389509,3.1911722895759773,1.0
2019-02-17,34.60561762487189,3.1963542467521364,1.0
2019-02-23,34.67803361804958,3.2048187505282564,0.9743805068217252
2019-02-24,34.66299284410718,3.203118236159834,0.0
2019-03-01,34.5877960033194,3.194615664317721,1.0
2019-03-04,34.67331337406443,3.2058781425203837,0.8429231485282043
2019-03-07,34.73298164645012,3.2149345562887097,0.9793358412627188
2019-03-13,34.6663922107183,3.2115256341783933,0.9982794405770516
2019-03-18,34.56896072512239,3.198625298448853,0.0
2019-03-19,34.54947638458195,3.196045231302945,0.8269640946594526
2019-03-20,34.55888936756234,3.197114668913045,0.865192784159986
2019-03-25,34.58795745319066,3.200209909274659,0.997747995087118
2019-03-29,34.63012366807067,3.203744949710741,0.0
2019-03-31,34.65120549946084,3.2055124699287822,0.9903292143777788
2019-04-01,34.65309806586251,3.206083138190704,0.9321821600511524
2019-04-05,34.697912769694646,3.211573766916132,0.8920561961079778
2019-04-06,34.71078701129308,3.21271682492589,0.9516556395723124
2019-04-07,34.69038334068971,3.2102006960117406,0.0
2019-04-08,34.66998008243154,3.2076845670975915,0.0
2019-04-09,34.649577236518574,3.205168438183442,0.0
2019-04-10,34.6291748029508,3.202652309269293,0.0
2019-04-11,34.60877278172822,3.200136180355144,0.9311167301934916
2019-04-12,34.62312361907326,3.201242331075418,0.915525465129994
2019-04-13,34.71111255475199,3.2087057074324026,0.0
2019-04-15,34.88708501771182,3.223632460146373,0.0
2019-04-16,34.97506854499291,3.231095836503358,0.0
2019-04-18,35.151030191157446,3.246022589217328,1.0
2019-04-22,35.429825303323675,3.2829802746081813,0.9720862222461706
2019-04-24,35.50356967622912,3.2941697558457954,0.9889493727312996
2019-04-26,35.49489206288096,3.2900230471320477,0.0
2019-04-30,35.47754278179563,3.2817296297045506,1.0
2019-05-01,35.5723297657908,3.28901545139368,1.0
2019-05-03,35.80393174090965,3.3069355593530534,0.9849148177467596
2019-05-06,36.203346313535455,3.339254049014759,0.9907051656658136
2019-05-12,36.70431287328841,3.369741929638254,1.0
2019-05-14,36.82751999437551,3.377865232870241,1.0
2019-05-18,37.20409229617205,3.4068521912741443,0.995739818305927
2019-05-24,38.2243537798948,3.495247722725724,1.0
2019-05-25,38.397359325345406,3.511381980367887,0.9858160876253224
2019-05-30,39.184405571774704,3.582520939144103,0.9950763967989968
2019-06-01,39.46090091671741,3.602632810973132,1.0
2019-06-05,39.90844614820799,3.633333517041344,1.0
2019-06-06,40.05277161178725,3.6446857305795386,0.0
2019-06-07,40.197093836687735,3.656037944117733,0.0
2019-06-10,40.63004107931649,3.690094584732317,0.0
2019-06-11,40.77435034950186,3.701446798270512,0.6215758238919941
2019-06-12,40.86872746448295,3.706158017396125,0.0
2019-06-13,40.9631028714089,3.7108692365217375,0.0
2019-06-14,41.057476570279725,3.71558045564735,0.0
2019-06-16,41.24621884385597,3.725002893898576,0.9988605086961708
2019-06-17,41.26918738402488,3.7233858968749782,1.0
2019-06-18,41.24596445874041,3.7214872162634505,0.0
2019-06-21,41.17629557763321,3.715791174428866,0.0
2019-06-22,41.15307258217955,3.713892493817338,0.0
2019-06-23,41.129849569183584,3.7119938132058095,0.9932609231799552
2019-06-24,41.14315993127239,3.7120454989444456,0.0
2019-06-25,41.15646965511347,3.712097184683081,0.0
2019-06-27,41.18308718805249,3.712200556160353,0.99210350159643
2019-06-28,41.24369552527168,3.716534053458256,0.0
2019-06-29,41.304302190611736,3.72086755075616,0.9998528704832764
2019-07-01,41.62866414872719,3.746982105536064,1.0
2019-07-02,41.7823187086405,3.759410695640976,0.0
2019-07-03,41.93596984872538,3.771839285745888,0.0
2019-07-04,42.08961756898182,3.7842678758508,0.0
2019-07-05,42.24326186940983,3.796696465955712,0.991438984005664
2019-07-11,42.28834451141978,3.782896707097627,1.0
2019-07-12,42.33062007705193,3.7879723490890433,0.0
2019-07-13,42.37289398889151,3.79304799108046,0.0
2019-07-14,42.41516624693851,3.7981236330718766,0.7014752910532908
2019-07-15,42.40378385295175,3.7991504471676185,0.0
2019-07-16,42.39240093685575,3.800177261263361,0.0
2019-07-17,42.38101749865051,3.801204075359103,0.9998553430045968
2019-07-20,42.1582766078427,3.78201460336004,0.0
2019-07-21,42.08403293559623,3.7756181126936874,0.0
2019-07-23,41.93555052813748,3.762825131360978,1.0
2019-07-27,41.43593396361891,3.7230727358537834,0.0
2019-07-28,41.31103607500056,3.713134636976984,0.0
2019-07-29,41.186140687386725,3.703196538100185,0.9937518255115514
2019-07-30,41.09927168174787,3.695409290754707,0.9182853063289996
2019-07-31,41.060763590799866,3.691161169451284,0.0
2019-08-01,41.02225640733566,3.686913048147862,1.0
2019-08-03,40.97063324780704,3.681033575170992,0.0
2019-08-04,40.94482259963594,3.678093838682556,1.0
2019-08-05,40.955270408263495,3.675927602430555,0.0
2019-08-08,40.986616111852086,3.669428893674552,0.0
2019-08-10,41.00751514566609,3.665096421170549,1.0
2019-08-11,41.04025365420299,3.666670420017036,0.0
2019-08-12,41.07299162866202,3.6682444188635217,0.0
2019-08-13,41.10572906904317,3.669818417710008,0.0
2019-08-14,41.13846597534643,3.671392416556494,0.0
2019-08-15,41.17120234757182,3.6729664154029806,0.0
2019-08-16,41.20393818571934,3.674540414249466,0.9999999999999998
2019-08-19,41.29061813199286,3.6783485530182394,0.0
2019-08-21,41.3484023706784,3.6808873121974193,0.9525547595256671
2019-08-22,41.35641573672908,3.681232150857656,0.9903344162152676
2019-08-23,41.441149088945096,3.6921663125128847,0.0
2019-08-25,41.61060600096245,3.714034635823343,0.0
2019-08-26,41.6953295607638,3.724968797478572,0.0
2019-08-27,41.78004985642692,3.7359029591338007,0.0
2019-08-28,41.86476688795182,3.7468371207890296,0.9980177451415504
2019-08-29,42.021682917613134,3.7631289840234663,0.0
2019-08-30,42.17859474369452,3.779420847257904,0.0
2019-09-01,42.49240578511749,3.8120045737267785,1.0
2019-09-02,42.58322625029231,3.822177535793584,0.0
2019-09-03,42.67404422479399,3.832350497860389,0.984394324018224
2019-09-05,42.63427779309687,3.8326899311831695,0.0
2019-09-06,42.61439474764567,3.83285964784456,0.0
2019-09-07,42.59451181579271,3.833029364505951,0.0
2019-09-08,42.57462899753799,3.833199081167341,0.0
2019-09-09,42.55474629288151,3.833368797828731,1.0
2019-09-10,42.52480779347018,3.83011310283219,0.0
2019-09-12,42.46493418861968,3.823601712839108,0.9936321903298272
2019-09-13,42.49168296579501,3.825281801504677,0.0
2019-09-14,42.518431394649646,3.826961890170247,0.0
2019-09-15,42.54517947518358,3.828641978835816,0.9999706555240157
2019-09-16,42.544986407728615,3.827063840578256,0.0
2019-09-17,42.544793571972605,3.8254857023206967,0.0
2019-09-19,42.54440859555746,3.8223294258055778,0.0
2019-09-20,42.54421645489835,3.8207512875480174,0.0
2019-09-21,42.54402454593818,3.819173149290459,1.0
2019-09-23,42.6356784628662,3.82911792473473,1.0
2019-09-27,42.65915290941862,3.8350269809711577,0.896126459160867
2019-09-29,42.52484145935401,3.82413368556744,0.0
2019-10-01,42.39053517769762,3.813240390163724,1.0
2019-10-03,42.23491518854889,3.800736475386334,1.0
2019-10-04,42.15456155315743,3.794538886845288,0.9998741919421644
2019-10-05,42.08305050983814,3.789066699576284,0.0
2019-10-06,42.01154109463572,3.78359451230728,0.0
2019-10-07,41.94003330755017,3.778122325038276,0.0
2019-10-08,41.86852714858149,3.772650137769272,0.0
2019-10-09,41.79702261772968,3.767177950500267,0.8719438945174236
2019-10-15,40.8841512471264,3.6854291020156738,1.0
2019-10-16,40.90828531022859,3.689867088807984,0.0
2019-10-17,40.93241860424342,3.6943050756002944,0.0
2019-10-19,40.98068288501103,3.703181049184915,0.0
2019-10-20,41.00481387176381,3.7076190359772254,0.0
2019-10-21,41.02894408942923,3.712057022769536,0.992697987594198
2019-10-22,41.02445303617829,3.713468606440908,0.0
2019-10-23,41.01996180499321,3.714880190112279,0.0
2019-10-24,41.01547039587398,3.716291773783651,0.0
2019-10-25,41.01097880882062,3.717703357455023,0.0
2019-10-26,41.006487043833104,3.7191149411263935,0.936114786046838
2019-10-27,40.99315148392896,3.7192508159765234,1.0
2019-10-28,40.92356724963374,3.713157091385993,0.0
2019-11-01,40.64524656125955,3.6887821930238713,0.9999999999999998
2019-11-02,40.576145549905725,3.6826014182415534,1.0
2019-11-06,40.22286612352439,3.648085528683804,0.0
2019-11-08,40.04624133918748,3.630827583904929,1.0
2019-11-13,39.77702827808565,3.6137258063250814,0.0
2019-11-14,39.72318868628526,3.610305450809113,0.9856632107428568
2019-11-15,39.63165129700536,3.601477955170083,0.0
2019-11-17,39.44858344283936,3.583822963892024,1.0
2019-11-20,39.15459287969256,3.5559765234957377,1.0
2019-11-24,38.83995891734957,3.527477609454435,0.0
2019-11-25,38.76130514197472,3.5203528809441096,0.0
2019-11-26,38.68265325268423,3.513228152433784,0.8514049639498775
2019-11-28,38.53182352165132,3.498010160376829,1.0
2019-12-01,38.34355140510972,3.4785600521830182,1.0
2019-12-02,38.2835225045189,3.472370012647654,1.0
2019-12-05,38.131130231298215,3.4619842680938966,0.0
2019-12-07,38.02954121037969,3.455060438391391,0.0
2019-12-08,37.97874844828901,3.451598523540139,0.8529027029436655
2019-12-09,37.96912695426522,3.452570863068938,1.0
2019-12-12,37.93446533904057,3.454981295638724,0.0
2019-12-14,37.911357124291015,3.456588250685248,1.0
2019-12-16,37.772880233365406,3.4441363134143144,0.0
2019-12-18,37.6344099588046,3.4316843761433806,0.0
2019-12-20,37.49594630060863,3.419232438872447,1.0
2019-12-21,37.46974889736202,3.418403612564811,0.0
2019-12-22,37.44355185390452,3.417574786257175,0.0
2019-12-25,37.364962882266575,3.415088307334267,0.0
2019-12-26,37.33876727796545,3.4142594810266305,0.9301561988944864
2019-12-27,37.275259165064575,3.4096815312349933,0.0
2019-12-28,37.21175232724065,3.405103581443356,0.0
2019-12-29,37.14824676449369,3.400525631651718,0.0
2019-12-30,37.084742476823685,3.3959476818600804,0.0
2019-12-31,37.02123946423064,3.391369732068443,1.0
2020-01-01,36.96250355572135,3.387429022890502,1.0
2020-01-02,36.89868001205812,3.382435702036174,0.0
2020-01-04,36.771037363488674,3.3724490603275195,0.0
2020-01-05,36.70721825858246,3.367455739473192,0.0
2020-01-07,36.57958448752704,3.3574690977645365,0.9999999999999998
2020-01-08,36.512195414480345,3.351050571998083,0.0
2020-01-09,36.444808135600525,3.34463204623163,0.0
2020-01-11,36.3100389603415,3.331794994698723,0.932004679107726
2020-01-12,36.24745400463345,3.325575168791122,0.0
2020-01-13,36.18487076293469,3.3193553428835214,1.0
2020-01-18,36.08820141855151,3.309714183584516,0.0
2020-01-19,36.06886950573075,3.3077859517247146,1.0
2020-01-20,36.0614773614894,3.3082122386706656,0.0
2020-01-22,36.04669245316583,3.309064812562568,0.9968833149179416
2020-01-25,36.0196700746434,3.309696817095951,0.9695000665366252
2020-01-29,35.87045767191942,3.2992077828350337,0.0
2020-01-31,35.795857031954675,3.293963265704575,0.9999999999999998
2020-02-01,35.73487021871861,3.286915157447041,0.989781183725622
2020-02-02,35.6760677952863,3.280128100173439,1.0
2020-02-06,35.44959534891442,3.25426012505445,0.9548345049133214
2020-02-09,35.423073761300564,3.2522216365650256,0.0
2020-02-11,35.405393698831645,3.250862644238743,0.0
2020-02-12,35.39655396637928,3.2501831480756014,1.0
2020-02-13,35.35793595554047,3.247278251587631,0.9938824493016232
2020-02-18,35.157940985751445,3.231905192822996,0.9612338702882304
2020-02-20,35.063406675515736,3.224842638008226,0.0
2020-02-22,34.968876749896914,3.2177800831934564,0.0
2020-02-24,34.874351208894964,3.2107175283786864,0.9940331627680408
2020-03-01,34.69923025005873,3.190356390360624,1.0
2020-03-04,34.729813290212896,3.196181644721906,0.0
2020-03-06,34.750199614921414,3.200065147629427,0.900287687036157
2020-03-07,34.76897868172718,3.2026386914208027,1.0
2020-03-13,34.42336292079163,3.165546303581488,0.980558883990286
2020-03-15,34.4633780458262,3.1713281821644506,0.0
2020-03-17,34.50339017019534,3.177110060747413,0.9408808994089876
2020-03-19,34.54295028444972,3.1827474620759726,1.0
2020-03-25,34.69882224898545,3.1926766049110173,0.9322365266006198
2020-03-26,34.71827875539812,3.1939829930250547,0.0
2020-03-28,34.757190872241935,3.196595769253129,0.9756958264291822
2020-03-31,34.862984588924625,3.205603187404421,1.0
2020-04-01,34.90760809553659,3.2118209877480868,0.968984393948451
2020-04-06,35.15772272040789,3.244792066027263,0.9879695253594688
2020-04-08,35.25016472345108,3.2520234292094403,0.9643079876199324
2020-04-09,35.28112114992509,3.2540233213767147,0.0
2020-04-10,35.3120768890985,3.256023213543989,0.0
2020-04-12,35.3739863055435,3.2600229978785373,0.9149574197714624
2020-04-13,35.37802809675333,3.2619987235973755,0.0
2020-04-14,35.38206936069607,3.2639744493162137,0.0
2020-04-15,35.38611009737171,3.265950175035052,0.0
2020-04-16,35.39015030678025,3.2679259007538897,0.0
2020-04-17,35.394189988921696,3.269901626472728,0.0
2020-04-18,35.398229143796044,3.2718773521915656,0.8891758823045482
2020-04-19,35.350618414312336,3.267770033818429,0.9695191276171484
2020-04-20,35.293205419351224,3.2625769647256835,0.0
2020-04-21,35.23579414532231,3.257383895632937,0.0
2020-04-24,35.063570648828744,3.2418046883547,1.0
2020-04-27,35.460505974676735,3.276403611818269,0.0
2020-04-28,35.59281094421718,3.2879365863061256,0.0
2020-04-30,35.85741067468471,3.311002535281838,1.0
2020-05-01,35.93116683165188,3.3164324613729224,1.0
2020-05-06,36.46048656081848,3.357552028356661,1.0
2020-05-09,36.58614261101047,3.3651854377932344,0.0
2020-05-11,36.66990986782531,3.3702743774176165,0.9702312212034968
2020-05-12,36.72369727435936,3.3737201715506804,0.9837068386787688
2020-05-18,37.533162023287446,3.4406803659639813,1.0
2020-05-19,37.68934702504363,3.4537084405233816,0.0
2020-05-20,37.84552842025877,3.466736515082782,0.0
2020-05-22,38.157880391065945,3.4927926642015827,0.982169100335186
2020-05-24,38.51474561846227,3.52292148721886,0.958616405425568
2020-05-30,39.73639835074746,3.6233754534484777,1.0
2020-05-31,39.971623004524325,3.6450854629708496,0.0
2020-06-01,40.20684218585602,3.6667954724932215,0.9999999999999998
2020-06-02,40.4565662071582,3.689405231679655,0.98046628797794
2020-06-05,41.16950348321502,3.75391525000396,0.9164411401929792
2020-06-07,41.47145978715131,3.7752990727668463,0.0
2020-06-08,41.62243378090236,3.78599098414829,0.0
2020-06-09,41.77340500250868,3.796682895529733,0.0
2020-06-11,42.07533912928713,3.81806671829262,1.0
2020-06-13,42.42423461669207,3.844648115207557,0.9853193088568596
2020-06-14,42.61432504734064,3.85957768063549,0.0
2020-06-15,42.80441140650903,3.874507246063423,0.0
2020-06-16,42.99449369419722,3.889436811491356,0.0
2020-06-17,43.18457191040523,3.904366376919289,0.9944795284784076
2020-06-18,43.4149284754897,3.924555082718416,0.0
2020-06-19,43.64528010063696,3.944743788517542,0.0
2020-06-20,43.87562678584701,3.9649324943166686,0.0
2020-06-21,44.105968531119856,3.985121200115795,0.0
2020-06-22,44.33630533645549,4.005309905914921,0.0
2020-06-23,44.56663720185392,4.025498611714048,0.9657016997734784
2020-06-24,44.82249126981001,4.046844199161881,0.9609970566092187
2020-06-25,45.101029624436826,4.069384746037831,0.0
2020-06-26,45.37956168783512,4.091925292913782,0.0
2020-06-29,46.21512013065881,4.159546933541633,0.9466370249085008
2020-06-30,46.504312792572165,4.1822023062754825,0.0
2020-07-01,46.793499004990025,4.204857679009333,1.0
2020-07-02,47.02458356656448,4.22279554289264,0.0
2020-07-03,47.25566296173852,4.240733406775947,0.0
2020-07-05,47.71780625288541,4.276609134542562,0.9915996996783134
2020-07-06,47.80745799580891,4.2832495270079525,0.0
2020-07-07,47.89710736110718,4.289889919473343,0.0
2020-07-10,48.16604119125067,4.309811096869517,0.0
2020-07-11,48.25568104604805,4.316451489334908,0.9763794346501842
2020-07-12,48.36961328558365,4.3248853644161045,0.0
2020-07-14,48.59746972357341,4.3417531145784976,0.0
2020-07-16,48.82531544012123,4.358620864740892,0.9756394849704408
2020-07-17,48.94252977528401,4.367478518868152,0.966563214163002
2020-07-18,49.028071169696176,4.374329696818058,0.0
2020-07-19,49.11361043868775,4.381180874767963,0.0
2020-07-21,49.284682600409134,4.394883230667773,0.0
2020-07-22,49.37021549313894,4.401734408617678,0.0
2020-07-23,49.455746260448166,4.408585586567583,0.4084338406291393
2020-07-24,49.50901735606882,4.41177383652088,0.0
2020-07-25,49.562287308300405,4.414962086474177,0.0
2020-07-26,49.61555611714291,4.418150336427474,0.0
2020-07-27,49.668823782596334,4.421338586380771,0.9622062997998118
2020-07-28,49.67359298965328,4.420568404429359,0.0
2020-07-29,49.6783621228281,4.419798222477946,0.6505342867196959
2020-07-31,49.57709032225304,4.408034931676484,0.0
2020-08-01,49.52645603058686,4.402153286275753,1.0
2020-08-02,49.45724774410689,4.395009790776352,0.0
2020-08-03,49.38804093348825,4.387866295276952,0.0
2020-08-04,49.31883559873094,4.380722799777551,0.3596905847604329
2020-08-05,49.227584778948966,4.371776234058349,0.0
2020-08-07,49.045090436419336,4.353883102619943,0.8821199629625408
2020-08-08,48.95121678838013,4.345509184415175,0.0
2020-08-09,48.8573455307902,4.337135266210408,0.0
2020-08-10,48.76347666364955,4.32876134800564,0.9326214664502904
2020-08-12,48.57765451671994,4.315817077797345,0.0
2020-08-14,48.39183979258543,4.30287280758905,0.0
2020-08-15,48.29893521406634,4.296400672484903,0.0
2020-08-16,48.20603249124603,4.289928537380755,0.9047836882572154
2020-08-18,47.98133857442629,4.275003968328813,0.9890359111781396
2020-08-19,47.84859012527757,4.265429276669332,0.0
2020-08-20,47.71584457758173,4.255854585009852,0.0
2020-08-22,47.45036218654875,4.23670520169089,1.0
2020-08-24,47.14849347871951,4.215222637075045,0.0
2020-08-27,46.6957142838586,4.182998790151276,0.0
2020-08-28,46.54479425007375,4.172257507843352,0.9038168492705312
2020-08-29,46.38262779798245,4.159538503276703,0.9601786471429024
2020-08-30,46.237748725954624,4.14811594103522,0.0
2020-08-31,46.09287277711453,4.136693378793738,0.0
2020-09-01,45.94799995146216,4.125270816552256,1.0
2020-09-03,45.7152407525729,4.106920914801327,1.0
2020-09-05,45.66128423643239,4.105123066383411,0.0
2020-09-06,45.63430633909154,4.104224142174452,0.0
2020-09-07,45.60732868223696,4.103325217965494,0.0
2020-09-09,45.553374089986605,4.101527369547578,0.9934522662280488
2020-09-10,45.609722022901046,4.108334354360294,0.0
2020-09-11,45.66606823063155,4.115141339173011,0.0
2020-09-14,45.83509650271937,4.13556229361116,0.0
2020-09-15,45.89143580971408,4.142369278423876,1.0
2020-09-16,45.896975900656194,4.141908526518875,0.0
2020-09-18,45.90805541603768,4.140987022708872,0.0
2020-09-20,45.91913404274881,4.1400655188988695,0.975010942353679
2020-09-21,45.93033884848879,4.1403948340165,0.9983731675847248
2020-09-27,46.13331107158435,4.15535903228127,1.0
2020-09-29,46.24453498488582,4.168848613559417,0.0
2020-10-01,46.355751812088805,4.182338194837565,1.0
2020-10-03,46.414456342578255,4.1911628847785,0.995693652540614
2020-10-09,46.313206421177206,4.17811499213618,1.0
2020-10-10,46.36756437144817,4.183434197416036,0.0
2020-10-12,46.476276365525294,4.194072607975747,0.9924155564912132
2020-10-14,46.51866931979842,4.198755561402328,0.0
2020-10-15,46.53986513221477,4.201097038115618,0.9369686171459518
2020-10-21,46.22439165024491,4.167644187938932,1.0
2020-10-23,46.02469779867389,4.149223370894339,0.9998048495413696
2020-10-27,45.6861129098899,4.118953668688278,0.8603985657285558
2020-10-30,45.49132300235712,4.103202437300747,0.0
2020-11-01,45.36147094438502,4.092701616375727,1.0
2020-11-02,45.30184755198352,4.087830670030985,0.9999999999999998
2020-11-03,45.34174961189559,4.095024121874869,0.9828635361833918
2020-11-08,45.54045698714509,4.12999099291105,0.9024323552520584
2020-11-12,45.58376288499746,4.145005535718471,0.0
2020-11-14,45.60541007701128,4.152512807122181,1.0
2020-11-20,45.49506063102531,4.145753274554451,0.7851909261362294
2020-11-23,45.46091232251375,4.137948910840388,0.0
2020-11-25,45.43815004751013,4.132746001697679,0.9952015372135322
2020-11-26,45.41647854571018,4.129120431481087,0.994834049568462
2020-12-01,45.018778006253,4.080885846109836,0.9646134929779572
2020-12-02,44.94510179586768,4.071725134204994,0.9832638848392754
2020-12-04,44.87448775609288,4.060115575488131,0.0
2020-12-06,44.80387986160812,4.0485060167712685,0.9987966152826984
2020-12-08,44.74864402474046,4.038418145555578,0.9999999999999998
2020-12-14,44.907274118285336,4.066024188974234,0.7048588685615772
2020-12-15,44.9622516659576,4.072402821941656,0.0
2020-12-17,45.07220233761018,4.085160087876497,0.9471524332740228
2020-12-20,45.192630852428856,4.100052450070853,0.9949368428523704
2020-12-26,45.05110704626956,4.081598852247651,0.8995193843354685
2020-12-28,45.06440277154408,4.0852487868605865,0.9249225106132964
2020-12-29,45.11157383270902,4.090181225300229,0.9383036730514244
2020-12-30,45.14343731958997,4.094359756757545,0.0
2021-01-01,45.20716070356709,4.102716819672176,0.9999999999999998
2021-01-07,43.70215709259849,3.994253742971479,0.9914576646314296
2021-01-08,43.45923205117018,3.977293023379196,0.9885851200077872
2021-01-09,43.1737713071085,3.956246145452555,0.2428920526778663
2021-01-12,42.40046921908268,3.9027038031276855,0.0
2021-01-13,42.14271230640402,3.8848563556860634,1.0
2021-01-14,42.3544315101513,3.8985839817708,0.9937361056322892
2021-01-15,42.56770784979133,3.9115763640358425,0.0
2021-01-17,42.99424858646013,3.937561128565927,0.0
2021-01-19,43.42077339964723,3.9635458930960112,1.0
2021-01-21,43.906771564002,3.9962251295423785,0.0
2021-01-24,44.63573361131212,4.045243984211929,0.0
2021-01-25,44.87871157395629,4.061583602435113,1.0
2021-01-26,44.83966519557674,4.057265521614644,0.0
2021-01-27,44.80061998648684,4.052947440794176,0.0
2021-01-28,44.76157594668657,4.048629359973708,0.0
2021-01-29,44.72253307617594,4.044311279153239,0.0
2021-01-30,44.68349137495496,4.039993198332771,0.973805687247939
2021-01-31,44.65398225538185,4.036759129486531,0.8336208222720711
2021-02-01,44.64005231137282,4.03551075579204,1.0
2021-02-03,44.605745270884256,4.0327594987553415,0.0
2021-02-05,44.57144080217845,4.030008241718643,0.9893545798016384
2021-02-06,44.545670240053134,4.0276374496769725,1.0
2021-02-07,44.53053689573904,4.027732877210216,0.0
2021-02-08,44.515403594788,4.027828304743458,0.0
2021-02-10,44.48513712297504,4.028019159809945,0.9723063538104492
2021-02-11,44.47692548989886,4.027627145875677,0.806668872047598
2021-02-12,44.47611127389292,4.029298995468335,0.9086924838387456
2021-02-16,44.43978559352309,4.034438995451084,0.9198878324442172
2021-02-17,44.39989940629778,4.032515003679396,0.0
2021-02-18,44.36001359982064,4.030591011907708,0.9944913546675362
2021-02-19,44.31428513413425,4.027651898680193,0.0
2021-02-21,44.22283046439966,4.021773672225164,1.0
2021-02-22,44.20810675845823,4.022287718458734,0.9082179793230072
2021-02-24,44.1573807982204,4.0206815713224096,0.9007533233777176
2021-02-27,44.09123083662446,4.018156562208176,0.9537001793930704
2021-03-01,44.03247030388117,4.014822855101405,1.0
2021-03-02,44.0040734290078,4.013205843530013,1.0
2021-03-04,43.986647635195816,4.012786120874878,0.996292113618632
2021-03-05,44.03180262161667,4.017243347133952,0.9926312625902102
2021-03-06,44.0362765808953,4.018323470281618,0.0
2021-03-08,44.04522369408944,4.0204837165769485,0.9534712436971252
2021-03-10,43.98679277358432,4.016079810823954,0.9967891984380106
2021-03-14,43.84034756020974,4.004235719018117,1.0
2021-03-16,43.59723563027852,3.982144733800296,0.9021173320547228
2021-03-20,43.13801672992029,3.941271090571873,0.9063159911760156
2021-03-21,43.045141466858304,3.933162855998056,0.6693916494908063
2021-03-22,42.95909204502033,3.9255104158562,0.0
2021-03-24,42.78699994063294,3.910205535572487,0.0
2021-03-26,42.61491682196363,3.8949006552887737,1.0
2021-03-27,42.66249735665873,3.899190730642096,0.4617991907456235
2021-04-01,42.834289921268585,3.91374882627594,1.0
2021-04-02,42.89448332647423,3.9192887869094144,0.0
2021-04-04,43.014866410153225,3.930368708176362,0.0
2021-04-07,43.19543171884104,3.946988590076784,1.0
2021-04-11,43.31100362829383,3.960045648635877,0.0
2021-04-13,43.36878559610699,3.9665741779154233,0.687698219503007
2021-04-15,43.51067142038598,3.9807452283964047,0.0
2021-04-16,43.58161161952045,3.987830753636896,0.0
2021-04-17,43.65255000998491,3.994916278877386,0.9699800376269738
2021-04-18,43.6802893625579,3.994236679498074,0.2922479174866935
2021-04-19,43.69199023188752,3.9919613063307793,0.7444719841847289
2021-04-20,43.65561400036259,3.985117653651361,0.0
2021-04-21,43.61923973329508,3.9782740009719433,0.0
2021-04-22,43.58286743068497,3.971430348292525,0.0
2021-04-24,43.51012871883702,3.9577430429336897,0.0
2021-04-25,43.47376230959917,3.950899390254272,0.9020193704843676
2021-04-26,43.50799349675973,3.951584595191983,0.0
2021-04-27,43.54222436305079,3.952269800129694,0.0
2021-04-30,43.644915036707005,3.954325414942828,0.9782666584036972
2021-05-01,44.48725344329644,4.059068477576291,1.0
2021-05-04,44.84735240516336,4.085754074498135,0.9735823200361274
2021-05-05,45.0297572708297,4.100157232190859,0.0
2021-05-07,45.39455440752863,4.128963547576306,0.9961347346111892
2021-05-13,46.29557047307684,4.195379758529489,0.9487274756789188
2021-05-15,46.6753229990666,4.2194998715876215,1.0
2021-05-19,47.71667457619757,4.294606353807192,0.828554847192941
2021-05-25,49.202030054873234,4.407262259008978,1.0
2021-05-27,49.88832690874116,4.463107255975072,0.0
2021-05-31,51.2608326645748,4.574797249907258,0.7515310893113287
2021-06-01,51.64343287786571,4.604871373252255,0.9999999999999998
2021-06-06,53.19107119368893,4.725929666614437,1.0
2021-06-12,53.72588933340051,4.777303145474261,0.6680240405674058
2021-06-13,53.80667594052839,4.785205137318954,0.0
2021-06-16,54.04902337203845,4.808911112853033,0.0
2021-06-18,54.21057800148385,4.824715096542419,1.0
2021-06-19,54.28550551983784,4.830942917152539,0.0
2021-06-20,54.3604313761014,4.8371707377626585,0.0
2021-06-22,54.5102781023573,4.849626378982899,0.0
2021-06-23,54.585198972349616,4.855854199593019,0.0
2021-06-24,54.66011818025152,4.86208202020314,0.6593444182671575
2021-06-27,54.69261903079983,4.863780922165258,0.0
2021-06-28,54.703451901892414,4.864347222819298,0.992660625449088
2021-06-29,54.673644163183695,4.861086491952527,0.0
2021-06-30,54.64383695283707,4.857825761085755,1.0
2021-07-01,54.52438488111303,4.845155469640962,0.9957447488896216
2021-07-03,54.21716159422708,4.814297875244999,0.0
2021-07-04,54.06355614381541,4.798869078047018,0.0
2021-07-05,53.909954822091294,4.783440280849035,0.0
2021-07-06,53.75635762905472,4.768011483651054,0.7407566172823222
2021-07-08,53.58426436391222,4.75369052180205,0.0
2021-07-09,53.49822057844543,4.746530040877548,0.8628148989319351
2021-07-10,53.39209853080419,4.737877865575769,0.0
2021-07-11,53.28597893095407,4.729225690273991,0.0
2021-07-12,53.17986177889504,4.720573514972213,0.9999999999999998
2021-07-13,53.33463834258456,4.7337514892268775,0.0
2021-07-15,53.6441812047172,4.760107437736208,0.0
2021-07-16,53.79894750316032,4.773285411990873,0.0
2021-07-18,54.10846983480017,4.799641360500202,0.6257299487303256
2021-07-19,54.19996663893905,4.808413705164446,0.0
2021-07-20,54.2914609107847,4.817186049828688,0.0
2021-07-21,54.38295265033712,4.825958394492932,0.0
2021-07-22,54.47444185759629,4.834730739157175,0.0
2021-07-23,54.56592853256223,4.8435030838214175,0.0
2021-07-24,54.65741267523493,4.852275428485661,1.0
2021-07-25,54.55872620640064,4.8452667870353165,0.0
2021-07-26,54.46004177655183,4.838258145584972,0.0
2021-07-27,54.361359385688495,4.831249504134627,0.0
2021-07-30,54.06532444701136,4.810223579783594,0.9316741189197266
2021-07-31,53.86783784659689,4.792008764034615,0.7307781496942525
2021-08-01,53.63827546111897,4.771341762030229,1.0
2021-08-02,53.42292570455572,4.7517322954799255,0.0
2021-08-03,53.20758117687174,4.732122828929623,0.0
2021-08-05,52.776907808141615,4.692903895829017,1.0
2021-08-06,52.60461479665824,4.677586877078274,0.0
2021-08-07,52.43232587855864,4.662269858327532,0.0
2021-08-10,51.91548368456255,4.6163188020753045,0.0
2021-08-11,51.743211139998095,4.601001783324563,1.0
2021-08-12,51.71420367783865,4.598905440884578,0.0
2021-08-13,51.68519694097743,4.596809098444593,0.0
2021-08-14,51.65619092941445,4.594712756004608,0.0
2021-08-17,51.5691772465149,4.588423728684654,1.0
2021-08-18,51.4664205127255,4.578828370975126,0.0
2021-08-21,51.15816316711272,4.55004229784654,0.0
2021-08-23,50.95266898316706,4.530851582427483,0.9990373726771902
2021-08-24,50.79710819189459,4.517561094222502,0.0
2021-08-27,50.33044880650826,4.477689629607561,0.0
2021-08-28,50.1749033408565,4.4643991414025805,0.0
2021-08-29,50.01936170660992,4.4511086531976,1.0
2021-09-01,49.92473474638356,4.44621112387977,1.0
2021-09-02,49.896117216533966,4.445214839799707,0.9918684225051262
2021-09-03,49.91682472868406,4.449227631588993,0.0
2021-09-04,49.937530989405126,4.453240423378278,0.9769747463832869
2021-09-05,49.98445443389976,4.458338562399814,0.0
2021-09-06,50.03137674047886,4.463436701421349,0.0
2021-09-09,50.17213683272302,4.478731118485955,0.0
2021-09-10,50.21905458764002,4.48382925750749,0.9980521412760592
2021-09-11,50.21718920338521,4.485418096006816,0.0
2021-09-12,50.21532312572419,4.487006934506143,0.0
2021-09-13,50.21345635465696,4.488595773005469,0.9623744652572076
2021-09-14,50.18005151121627,4.487214154170751,0.0
2021-09-15,50.14664670347382,4.485832535336033,0.0
2021-09-16,50.11324193142961,4.484450916501314,0.9682120062605644
2021-09-22,49.988226021159136,4.479909768207045,1.0
2021-09-24,49.84016353345589,4.471033738540909,0.9990137891207164
2021-09-25,49.76006421501547,4.46618367536056,0.0
2021-09-27,49.59986898297431,4.456483548999862,0.0
2021-09-28,49.51977306937357,4.451633485819514,0.8905685765141205
2021-10-01,49.29641434804692,4.439458866636248,0.8566255327431775
2021-10-04,49.04431073014399,4.423857366699826,1.0
2021-10-05,48.97277090480154,4.418761920290299,0.9964746346090296
2021-10-08,48.77153059021808,4.404282125935986,0.0
2021-10-10,48.637376296153775,4.3946289296997785,0.9617459498520864
2021-10-16,48.03694753255176,4.338830170209032,1.0
2021-10-22,47.609383738050425,4.310139378057006,0.949076364359254
2021-10-25,47.50060518331909,4.307683284176199,0.0
2021-10-27,47.428087246068806,4.306045888255661,0.3799368212581986
2021-10-28,47.38758490525604,4.304875516890302,0.9993892718442946
2021-11-01,47.11462088179071,4.279586691502054,0.9877426100791598
2021-11-03,46.98824230465026,4.268248515666008,0.9714621469064036
2021-11-09,46.54254910375944,4.232808362645176,0.9627267341293396
2021-11-15,45.86341054870081,4.180705678470489,0.9648614141347376
2021-11-16,45.746004144369785,4.171053292814225,0.0
2021-11-18,45.51119950075714,4.151748521501698,0.9747929604056842
2021-11-21,45.17866521935437,4.124718126235837,1.0
2021-11-27,44.69808702908704,4.089882900133408,0.9371049352322038
2021-12-01,44.45741562505181,4.073903707007835,0.993574158759826
2021-12-03,44.334378938087866,4.064956556711974,0.9981086753873262
2021-12-09,44.10211204593361,4.04249394481715,0.9235415931530382
2021-12-10,44.05572466377207,4.038155724277019,0.3982351437145152
2021-12-15,43.81389220047778,4.015168020520612,1.0
2021-12-21,43.54293944524314,3.99494513481118,0.6536598886127173
2021-12-27,43.38496464614232,3.9828988892215342,0.7607213830358577
2021-12-30,43.23569865149389,3.968630401045234,0.6590866084080731
2022-01-01,43.11689976283455,3.957823549361821,0.949847347209015
2022-01-06,42.865889973121504,3.935394570781383,0.0
2022-01-07,42.81569157892849,3.930908775065295,0.0
2022-01-08,42.76549437265201,3.926422979349207,0.2738063680937533
2022-01-11,42.622535800137385,3.9145833265872367,0.497065664533627
2022-01-12,42.577997181102,3.910689087950973,0.0
2022-01-13,42.53345966532584,3.906794849314708,0.0
2022-01-14,42.48892325280888,3.902900610678444,0.0
2022-01-15,42.44438794355114,3.8990063720421793,0.0
2022-01-16,42.39985373755262,3.895112133405915,0.0
2022-01-19,42.26625773911233,3.883429417497122,0.0
2022-01-20,42.22172794615067,3.8795351788608574,0.2717932178363126
2022-01-23,42.076708290671206,3.865920284023383,0.6239365466883524
2022-01-26,41.9585884425112,3.8562501879806734,0.0
2022-01-27,41.9192171674777,3.8530268226331046,0.0
2022-01-29,41.8404776289405,3.8465800919379656,0.0
2022-02-01,41.72237584995912,3.836909995895257,0.5407026428517308
2022-02-02,41.688435738254285,3.834502481644668,0.0
2022-02-03,41.65449651795758,3.832094967394079,0.9537322451649696
2022-02-04,41.60524729700377,3.828319168718647,0.6974599205840848
2022-02-05,41.54461355374407,3.823413868990865,0.0
2022-02-08,41.36272116975951,3.8086979698075183,0.9861297947664232
2022-02-13,41.138622437549984,3.791404540674145,0.27361983000192
2022-02-16,41.01861574777152,3.7825623802796864,0.5574756395521572
2022-02-19,40.89362408305745,3.773947456592246,0.9925633694117516
2022-02-25,40.67266525026877,3.7584217796163664,0.2794440956226506
2022-02-28,40.54055199632754,3.7470538694962503,0.5297680853645282
2022-03-01,40.50113711564104,3.7437069310099433,1.0
2022-03-02,40.458232245690695,3.739972117104736,0.9975576225129752
2022-03-08,40.30262459890051,3.7269208906762734,0.9991805558607678
2022-03-09,40.26249734050828,3.723200604447237,0.4242536085549819
2022-03-11,40.19753997228717,3.718032805044317,0.0
2022-03-12,40.16506214337795,3.7154489053428574,0.6694792279051636
2022-03-13,40.15511361304552,3.714275017631099,1.0
2022-03-21,40.17970413296558,3.718308402820222,0.4102669055872171
2022-03-24,40.18685362208028,3.718971663426109,1.0
2022-03-25,40.13254811876764,3.711353128246989,0.7626332076472719
2022-03-28,39.994404633281086,3.6979053822841816,0.0
2022-04-01,39.81022836195135,3.679975054333773,0.9522003038246832
2022-04-02,39.77174310739847,3.6762545846776566,0.4207184456779003
2022-04-04,39.67891581696794,3.6661339556778194,0.8855161732304604
2022-04-05,39.64625720982529,3.6628829298646783,0.5470689985927075
2022-04-10,39.47063086188304,3.646197946079009,0.9147397519853724
2022-04-13,39.35117453547196,3.634525835989309,0.0
2022-04-14,39.31135838885769,3.6306351326260753,0.2757129929438998
2022-04-15,39.28499772532778,3.628070947439453,0.9469576998391388
2022-04-16,39.26519543693311,3.6259226425823887,0.0
2022-04-17,39.24539393324966,3.623774337725324,0.69388815481905
2022-04-20,39.22050941083327,3.621516707551403,0.0
2022-04-22,39.20392171431487,3.6200116207687887,0.0
2022-04-23,39.19562846158343,3.6192590773774818,0.0
2022-04-25,39.17904314717608,3.617753990594868,0.0
2022-04-26,39.17075108550016,3.617001447203561,0.8832411388714944
2022-04-27,39.15087135783155,3.614850655103528,0.0
2022-04-29,39.11111332388728,3.610549070903465,0.7018251664485246
2022-04-30,39.09150094102594,3.607781222944771,0.0
2022-05-01,39.07188928496068,3.605013374986077,1.0
2022-05-07,39.08254706763661,3.598647624905749,0.9331814241624932
2022-05-08,39.11091166603582,3.600123715380316,0.3768488823007219
2022-05-09,39.14801421950497,3.6017611172226496,0.0
2022-05-11,39.22221874349561,3.605035920907316,0.7599340321554581
2022-05-13,39.293757490869964,3.609148303378228,0.0
2022-05-14,39.32952626046944,3.611204494613683,0.0
2022-05-15,39.365294627343786,3.613260685849139,0.0
2022-05-20,39.54413042083848,3.6235416420264177,0.2978988705776334
2022-05-21,39.59276627682626,3.628880222009764,0.0
2022-05-22,39.641400459021824,3.634218801993111,0.0
2022-05-23,39.690032967425154,3.639557381976457,0.7020714632240398
2022-05-24,39.747531839108376,3.6441715249541344,0.7450111982309091
2022-05-30,39.993021641588136,3.662478560997724,0.0
2022-05-31,40.033931853493726,3.665529733671656,0.0
2022-06-01,40.07484070677807,3.668580906345587,1.0
2022-06-04,40.17075766667386,3.674732732618352,0.7602261842543462
2022-06-05,40.21387106771759,3.6789349579511983,0.0
2022-06-06,40.25698348772406,3.683137183284044,0.0
2022-06-07,40.300094926693255,3.68733940861689,0.0
2022-06-09,40.38631486151985,3.695743859282581,0.951684852188418
2022-06-10,40.44539347564437,3.7013879646712273,0.0
2022-06-11,40.5044707358923,3.707032070059874,0.0
2022-06-13,40.62262119475832,3.7183202808371663,0.4197999711614882
2022-06-14,40.68629954967376,3.722335744402786,0.0
2022-06-16,40.81365316909647,3.730366671534025,0.7557986510306245
2022-06-17,40.88456376145328,3.734908366120708,0.0
2022-06-18,40.95547312032494,3.739450060707391,0.0
2022-06-20,41.09728813761281,3.7485334498807568,0.9779439881919094
2022-06-21,41.194918245403855,3.7557287527565424,0.0
2022-06-22,41.29254646090143,3.762924055632328,0.0
2022-06-25,41.58541975363331,3.784509964259685,0.3149227818771929
2022-06-26,41.71185506066739,3.796122518812629,0.9777295145105588
2022-06-27,41.84609292260552,3.808896397838817,0.0
2022-06-28,41.98032801455338,3.821670276865005,0.7655998268640154
2022-06-29,42.11715394593375,3.835108167122254,0.0
2022-07-01,42.39079754687248,3.861983947636753,0.9999999999999998
2022-07-02,42.49865117985479,3.871172333648437,0.0
2022-07-03,42.6065028349116,3.8803607196601217,0.0
2022-07-06,42.93004593252903,3.907925877695175,0.0
2022-07-07,43.037889675883854,3.91711426370686,0.9348615954472832
2022-07-08,43.05488901555291,3.918750723604476,0.0
2022-07-09,43.07188797899865,3.920387183502092,0.0
2022-07-10,43.08888656622106,3.922023643399708,0.7495797266178392
2022-07-11,43.09088624031008,3.921591789404972,0.0
2022-07-12,43.09288598266104,3.9211599354102367,1.0
2022-07-13,43.14060526242194,3.923920401973144,0.0
2022-07-14,43.188323699022526,3.926680868536052,0.0
2022-07-16,43.28375804274272,3.932201801661867,0.0
2022-07-17,43.33147394986232,3.934962268224775,0.0
2022-07-18,43.3791890138216,3.937722734787682,0.0
2022-07-19,43.42690323462057,3.9404832013505904,0.3118172620749798
2022-07-20,43.45564923650601,3.940779761696031,0.0
2022-07-21,43.484394807745375,3.941076322041472,0.0
2022-07-22,43.51313994833865,3.941372882386912,0.9083343536792436
2022-07-24,43.56800650193898,3.9403150079451295,0.0
2022-07-25,43.5954389736022,3.939786070724238,0.0
2022-07-27,43.65030230665472,3.938728196282456,0.0
2022-07-28,43.67773316804404,3.938199259061564,0.0
2022-07-29,43.70516349267538,3.937670321840672,0.9850882589319432
2022-07-30,43.71232905462675,3.935902363809854,0.0
2022-07-31,43.71949455185068,3.934134405779036,0.3190172118319606
2022-08-01,43.73742329944747,3.9340558326635633,0.9999999999999998
2022-08-03,43.73788122184429,3.931242142816536,0.7006718822357629
2022-08-04,43.73569786477756,3.930314083658348,0.0
2022-08-05,43.733514621731736,3.929386024500161,0.0
2022-08-08,43.72696557671972,3.9266018470256,0.0
2022-08-09,43.72478278975754,3.925673787867413,0.0
2022-08-10,43.72260011681627,3.924745728709225,0.0
2022-08-11,43.72041755789591,3.9238176695510383,0.0
2022-08-12,43.71823511299646,3.922889610392851,0.3083925412173487
2022-08-15,43.73279384890198,3.922520488473237,0.690690953927364
2022-08-16,43.71517236539036,3.921141394232031,0.0
2022-08-19,43.66230978583029,3.917004111508413,0.0
2022-08-21,43.62706962526925,3.914245923026001,0.0
2022-08-22,43.60945001273243,3.912866828784795,0.0
2022-08-23,43.591830712024745,3.911487734543589,0.0
2022-08-24,43.57421172314619,3.9101086403023833,0.3058731146511184
2022-08-25,43.55936107507301,3.909046640373833,0.0
2022-08-26,43.54451074179669,3.907984640445283,0.0
2022-08-27,43.52966072331724,3.9069226405167328,0.8225833754840131
2022-08-30,43.50645330962797,3.9055224807223934,0.0
2022-08-31,43.49871811647013,3.905055760790947,0.0
2022-09-01,43.490983229014894,3.9045890408595008,1.0
2022-09-02,43.4947017082229,3.9052510717939146,0.0
2022-09-03,43.49842016202759,3.905913102728329,0.0
2022-09-04,43.50213859042898,3.906575133662742,0.0
2022-09-05,43.50585699342705,3.907237164597156,0.3144874761926947
2022-09-06,43.516065022514,3.909307364556861,0.0
2022-09-07,43.5262725272328,3.911377564516566,0.0
2022-09-08,43.53647950758344,3.913447764476271,0.8915566840351874
2022-09-10,43.49645117630175,3.9120296281602194,0.0
2022-09-11,43.47643708824118,3.9113205600021934,0.0
2022-09-12,43.45642305190079,3.910611491844168,0.0
2022-09-16,43.37636742374107,3.907775219212064,0.781650736067483
2022-09-17,43.35731671253141,3.907081616771366,0.996964238449151
2022-09-20,43.22500261355061,3.894515158634078,0.915459574280109
2022-09-24,43.24756459988307,3.895827894381057,0.0
2022-09-25,43.25320477700641,3.8961560783178006,0.0
2022-09-28,43.27012454167299,3.8971406301280345,0.0
2022-09-29,43.2757642076607,3.897468814064779,0.2607756492334518
2022-10-01,43.29447487300346,3.8991926304756266,1.0
2022-10-02,43.29122346654562,3.899011945179335,0.7456496359352485
2022-10-03,43.27059766321338,3.897334334544636,0.6990481132674198
2022-10-06,43.25164358271679,3.897073097628978,0.0
2022-10-11,43.22005013626001,3.896637702769547,0.2658809255509385
2022-10-14,43.23388064189584,3.900405265445094,0.8283245458102608
2022-10-16,43.239386612947776,3.901820473190592,0.0
2022-10-17,43.24213951102473,3.902528077063341,0.0
2022-10-19,43.24764513228059,3.903943284808838,1.0
2022-10-20,43.22399741785715,3.902081735403038,0.0
2022-10-21,43.2003502404643,3.900220185997239,0.0
2022-10-23,43.15305749677045,3.89649708718564,0.2610649697268665
2022-10-24,43.12222622778665,3.893834115292585,0.0
2022-10-25,43.09139562910595,3.89117114339953,0.0
2022-10-26,43.06056570072836,3.888508171506475,0.584312722548577
2022-10-30,42.89954649983171,3.878095309559362,0.9701531457183444
2022-10-31,42.86369676592789,3.876123388279512,0.0
2022-11-01,42.8278475982214,3.87415146699966,0.9999999999999998
2022-11-03,42.52619873791407,3.843380336835677,0.0
2022-11-04,42.48961675671055,3.8416181316935263,0.2570054686263228
2022-11-07,42.37688299809062,3.8355559687996026,0.6801684826516408
2022-11-08,42.33083984956947,3.8320959271411072,0.0
2022-11-09,42.28479769166058,3.828635885482612,0.0
2022-11-10,42.23875652436395,3.825175843824116,1.0
2022-11-11,42.18903149837558,3.821403738443708,0.0
2022-11-12,42.139307555033874,3.8176316330633,0.0
2022-11-16,41.94042260813366,3.8025432115416695,0.2626034938979791
2022-11-17,41.89563964866045,3.799112743361863,0.0
2022-11-19,41.80607697200784,3.792251807002252,0.7658869537267929
2022-11-20,41.777492219530885,3.7894496530656343,0.0
2022-11-21,41.748908346579135,3.7866474991290175,0.9518036592728908
2022-11-23,41.68068142704161,3.779518578787916,0.0
2022-11-26,41.57834880252991,3.768825198276264,0.0
2022-11-28,41.51013222271848,3.761696277935164,0.2664180701503842
2022-12-01,41.40184416544033,3.750940607663291,0.7674346191211997
2022-12-02,41.35451020234124,3.747294971381392,0.9996974149422702
2022-12-10,41.055672023454086,3.728928855180222,0.2644513826107137
2022-12-13,40.94211727659476,3.721940693425882,1.0
2022-12-22,40.59531802065086,3.697933184312559,0.2725712118594771
2022-12-24,40.52351446288025,3.6931395928165074,0.9964851617536006
2022-12-25,40.50289519211583,3.692032580181033,0.7606402883260328
